-- phpMyAdmin SQL Dump
-- version 5.2.1
-- https://www.phpmyadmin.net/
--
-- Host: localhost
-- Generation Time: Dec 11, 2025 at 03:46 PM
-- Server version: 10.4.28-MariaDB
-- PHP Version: 8.0.28

SET SQL_MODE = "NO_AUTO_VALUE_ON_ZERO";
START TRANSACTION;
SET time_zone = "+00:00";


/*!40101 SET @OLD_CHARACTER_SET_CLIENT=@@CHARACTER_SET_CLIENT */;
/*!40101 SET @OLD_CHARACTER_SET_RESULTS=@@CHARACTER_SET_RESULTS */;
/*!40101 SET @OLD_COLLATION_CONNECTION=@@COLLATION_CONNECTION */;
/*!40101 SET NAMES utf8mb4 */;

--
-- Database: `dermsignal_db`
--

-- --------------------------------------------------------

--
-- Table structure for table `tbl_account`
--

CREATE TABLE `tbl_account` (
  `ac_id` int(11) NOT NULL,
  `ac_username` varchar(255) NOT NULL,
  `ac_email` varchar(400) NOT NULL,
  `ac_password` varchar(255) NOT NULL,
  `role_id` int(11) NOT NULL,
  `account_status_id` int(11) NOT NULL DEFAULT 1
) ENGINE=InnoDB DEFAULT CHARSET=utf8mb4 COLLATE=utf8mb4_general_ci;

--
-- Dumping data for table `tbl_account`
--

INSERT INTO `tbl_account` (`ac_id`, `ac_username`, `ac_email`, `ac_password`, `role_id`, `account_status_id`) VALUES
(1, 'jhaymark198', 'jhaymark198@gmail.com', '$2y$10$HjBNvFzie99.EtPoRxTn6./MLQ4FF63PIwlDvTPz5iGcvElsczSK2', 1, 1),
(2, 'shibal1', 'shibal@gmail.com', '$2y$10$p2Mbo9cxssQGcOe2vPpVCuxnxOlTdPySyrbfQ0GzwydLBI2HK5SNe', 1, 1),
(3, 'uniform1', 'uniform@gmail.com', '$2y$10$6X5caxJ7hgH2jHJTVSMhVer80umvvkjZlKnYvhko6dTOdt.duBZIK', 1, 2),
(4, 'lelouch1', 'lelouch@gmail.com', '$2y$10$4tGORYUvKk4PmBJY8WNqdOgZgDTqq6/rUgmKv7UStyv06XX1wQy36', 1, 1),
(5, 'kiko1', 'kiko@gmail.com', '$2y$10$d69zFFkiMBnrYJyVixN.ieoydzdc/bsOiH7Nppy1mdwFSmFyCsTwS', 1, 1),
(6, 'admin', 'admin@gmail.com', '$2y$10$egNxXzs.VSGfoHHq23iaR.mUC5za/vs3UwOF2OvSHHtIPooXIxl1i', 2, 1),
(8, 'jcdavid123', 'jcdavid123c@gmail.com', '$2y$10$D8ufRQ4.ZB64gtT7KfFjWOC26PZMrUHtEld3gY2ieW8lSHp4IkFe2', 2, 1),
(12, 'jcdavid123c', 'jcdavid21@gmail.com', '$2y$10$DSX78JZNyQmjoVkLzXIP8uYUy2N4GHC6ltLHA9qUkxaB8e8nz599q', 1, 1),
(13, 'santos', 'santos@gmail.com', '$2y$10$OER6mLs7PZRQfbjur5zrheeuZOc0XlhEWwNFdPhgfZ/Em6Z/KO7gC', 3, 1),
(14, 'admin1', 'admin1@gmail.com', '$2y$10$3txKbILRPnAT4tb0Q5mReeKgMLvHz1Jo4/z/7.rI.OQVeFHH5aOv6', 2, 1),
(15, 'anareyes', 'anareyes@gmail.com', '$2y$10$CO.mcf6gniWC6VOIJtjmUeMFo25FxAPTLLuockG/ZPcnqg5Kt/M.a', 3, 1),
(16, 'johncruz', 'johncruz@gmail.com', '$2y$10$cC.SBXFCZi49g3KjwurEVOag68HJz22exjcNTU7kf1rfF3jRdjGui', 3, 1),
(24, 'jcdavid', 'jcdavid213@gmail.com', '$2y$10$g/JQlN6f8pErh7RH8z8reuquzwq0fIZMs3Z/bSiHTYRZcmbW9LU7W', 1, 1);

-- --------------------------------------------------------

--
-- Table structure for table `tbl_account_details`
--

CREATE TABLE `tbl_account_details` (
  `ac_id` int(11) NOT NULL,
  `first_name` varchar(100) NOT NULL,
  `middle_name` varchar(100) DEFAULT NULL,
  `last_name` varchar(100) NOT NULL,
  `gender` enum('Male','Female','Other') DEFAULT NULL,
  `contact` varchar(15) DEFAULT NULL,
  `address` text DEFAULT NULL
) ENGINE=InnoDB DEFAULT CHARSET=utf8mb4 COLLATE=utf8mb4_general_ci;

--
-- Dumping data for table `tbl_account_details`
--

INSERT INTO `tbl_account_details` (`ac_id`, `first_name`, `middle_name`, `last_name`, `gender`, `contact`, `address`) VALUES
(1, 'Jhaymark', 'Magat', 'Marquez', 'Male', '', ''),
(2, 'Shibal', 'Magat', 'Mandusay', 'Male', '', ''),
(3, 'Uniform', 'Resource', 'Locator', 'Male', '', ''),
(4, 'lelouch', 'hitler', 'luoda', 'Male', '', ''),
(5, 'Kiko ', 'Miranda', 'Music', 'Male', '', ''),
(6, 'Admin', 'Jhyra', 'Jhyra', 'Male', '', ''),
(12, 'Jc pogi', '', 'david', NULL, '09565535401', 'None'),
(13, 'maria', '', 'santos', 'Male', '', ''),
(14, 'JC', '', 'david', 'Male', '09565535401', 'Wala'),
(15, 'Ana', '', 'Reyes', 'Female', '09512847442', 'Quezon City'),
(16, 'john', '', 'cruz', 'Male', '09565535401', 'Quezon City'),
(24, 'Juancarlo', '', 'David', NULL, NULL, NULL);

-- --------------------------------------------------------

--
-- Table structure for table `tbl_ac_status`
--

CREATE TABLE `tbl_ac_status` (
  `ac_status_id` int(11) NOT NULL,
  `ac_status` varchar(50) CHARACTER SET utf8mb4 COLLATE utf8mb4_estonian_ci NOT NULL
) ENGINE=InnoDB DEFAULT CHARSET=utf8mb4 COLLATE=utf8mb4_general_ci;

--
-- Dumping data for table `tbl_ac_status`
--

INSERT INTO `tbl_ac_status` (`ac_status_id`, `ac_status`) VALUES
(1, 'Active'),
(2, 'Deactivated');

-- --------------------------------------------------------

--
-- Table structure for table `tbl_appointments`
--

CREATE TABLE `tbl_appointments` (
  `appointment_id` int(11) NOT NULL,
  `ac_id` int(11) NOT NULL,
  `service_id` int(11) NOT NULL,
  `derm_id` int(11) NOT NULL,
  `appointment_date` date NOT NULL,
  `appointment_time` time NOT NULL,
  `appointment_status` enum('Pending','Confirmed','Completed','Cancelled') DEFAULT 'Pending',
  `notes` text DEFAULT NULL,
  `gcash_reference` varchar(100) DEFAULT NULL,
  `downpayment_amount` decimal(10,2) DEFAULT NULL,
  `payment_proof` varchar(255) DEFAULT NULL,
  `payment_status` enum('Pending','Verified','Rejected') DEFAULT 'Pending',
  `created_at` timestamp NOT NULL DEFAULT current_timestamp()
) ENGINE=InnoDB DEFAULT CHARSET=utf8mb4 COLLATE=utf8mb4_general_ci;

--
-- Dumping data for table `tbl_appointments`
--

INSERT INTO `tbl_appointments` (`appointment_id`, `ac_id`, `service_id`, `derm_id`, `appointment_date`, `appointment_time`, `appointment_status`, `notes`, `gcash_reference`, `downpayment_amount`, `payment_proof`, `payment_status`, `created_at`) VALUES
(3, 12, 21, 2, '2025-12-12', '10:00:00', 'Confirmed', '', '2132313', 50.00, '690a113f4672f.jpeg', 'Verified', '2025-11-04 14:44:15');

-- --------------------------------------------------------

--
-- Table structure for table `tbl_audit_log`
--

CREATE TABLE `tbl_audit_log` (
  `log_user_id` int(11) DEFAULT NULL,
  `log_username` varchar(50) DEFAULT NULL,
  `log_user_type` varchar(50) DEFAULT NULL,
  `log_date` timestamp NOT NULL DEFAULT current_timestamp() ON UPDATE current_timestamp()
) ENGINE=InnoDB DEFAULT CHARSET=utf8mb4 COLLATE=utf8mb4_general_ci;

--
-- Dumping data for table `tbl_audit_log`
--

INSERT INTO `tbl_audit_log` (`log_user_id`, `log_username`, `log_user_type`, `log_date`) VALUES
(6, 'admin', '2', '2024-12-11 11:52:16'),
(1, 'jhaymark198', '1', '2024-12-11 13:39:42'),
(8, 'jcdavid123', '1', '2025-10-19 05:41:06'),
(8, 'jcdavid123', '2', '2025-10-19 06:07:19'),
(12, 'jcdavid123c', '1', '2025-10-19 09:33:14'),
(8, 'jcdavid123', '2', '2025-10-19 09:58:25'),
(8, 'jcdavid123', '2', '2025-10-19 10:33:08'),
(8, 'jcdavid123', '2', '2025-10-19 16:09:26'),
(12, 'jcdavid123c', '1', '2025-10-19 16:10:56'),
(8, 'jcdavid123', '2', '2025-10-19 16:51:38'),
(8, 'jcdavid123', '2', '2025-10-19 16:51:38'),
(13, 'santos', '3', '2025-10-19 16:59:31'),
(13, 'santos', '3', '2025-10-19 16:59:49'),
(13, 'santos', '3', '2025-10-19 17:09:42'),
(13, 'santos', '3', '2025-10-20 04:57:03'),
(12, 'jcdavid123c', '1', '2025-10-20 05:26:25'),
(13, 'santos', '3', '2025-10-20 05:27:43'),
(8, 'jcdavid123', '2', '2025-10-20 05:41:42'),
(13, 'santos', '3', '2025-10-20 05:43:42'),
(13, 'santos', '3', '2025-10-20 05:47:57'),
(13, 'santos', '3', '2025-10-20 06:27:51'),
(12, 'jcdavid123c', '1', '2025-10-20 06:54:02'),
(8, 'jcdavid123', '2', '2025-10-20 07:06:22'),
(12, 'jcdavid123c', '1', '2025-10-20 07:22:16'),
(8, 'jcdavid123', '2', '2025-10-20 08:05:33'),
(12, 'jcdavid123c', '1', '2025-10-20 12:09:10'),
(8, 'jcdavid123', '2', '2025-10-20 12:09:36'),
(12, 'jcdavid123c', '1', '2025-10-20 12:10:52'),
(13, 'santos', '3', '2025-10-20 12:11:50'),
(12, 'jcdavid123c', '1', '2025-10-20 13:56:28'),
(8, 'jcdavid123', '2', '2025-10-21 03:29:39'),
(12, 'jcdavid123c', '1', '2025-10-21 04:57:08'),
(8, 'jcdavid123', '2', '2025-10-21 05:37:47'),
(12, 'jcdavid123c', '1', '2025-10-21 05:51:18'),
(12, 'jcdavid123c', '1', '2025-10-21 06:24:14'),
(8, 'jcdavid123', '2', '2025-10-21 06:24:28'),
(8, 'jcdavid123', '2', '2025-10-21 06:25:36'),
(12, 'jcdavid123c', '1', '2025-10-21 13:48:20'),
(12, 'jcdavid123c', '1', '2025-10-21 13:55:27'),
(8, 'jcdavid123', '2', '2025-10-21 14:07:08'),
(12, 'jcdavid123c', '1', '2025-10-21 14:07:30'),
(12, 'jcdavid123c', '1', '2025-10-21 14:11:34'),
(8, 'jcdavid123', '2', '2025-10-21 14:12:01'),
(12, 'jcdavid123c', '1', '2025-10-21 14:16:11'),
(13, 'santos', '3', '2025-10-23 14:53:55'),
(13, 'santos', '3', '2025-10-23 15:18:30'),
(13, 'santos', '3', '2025-10-23 15:19:15'),
(13, 'santos', '3', '2025-10-23 15:19:53'),
(12, 'jcdavid123c', '1', '2025-10-23 15:21:20'),
(12, 'jcdavid123c', '1', '2025-10-23 15:24:58'),
(13, 'santos', '3', '2025-10-23 15:25:27'),
(8, 'jcdavid123', '2', '2025-11-04 11:08:08'),
(12, 'jcdavid123c', '1', '2025-11-04 11:08:22'),
(8, 'jcdavid123', '2', '2025-11-04 11:58:56'),
(12, 'jcdavid123c', '1', '2025-11-04 14:05:59'),
(8, 'jcdavid123', '2', '2025-11-04 14:44:54'),
(8, 'jcdavid123', '2', '2025-11-04 14:45:27'),
(12, 'jcdavid123c', '1', '2025-11-04 14:45:43'),
(13, 'santos', '3', '2025-11-04 14:46:02'),
(8, 'jcdavid123', '2', '2025-11-04 15:00:16'),
(12, 'jcdavid123c', '1', '2025-11-04 15:00:26'),
(12, 'jcdavid123c', '1', '2025-11-05 12:17:59'),
(8, 'jcdavid123', '2', '2025-11-05 12:18:18'),
(24, 'jcdavid', '1', '2025-11-23 08:09:53'),
(13, 'santos', '3', '2025-11-23 08:22:12'),
(12, 'jcdavid123c', '1', '2025-11-23 08:38:39'),
(8, 'jcdavid123', '2', '2025-11-23 08:38:51'),
(13, 'santos', '3', '2025-11-23 11:32:41'),
(8, 'jcdavid123', '2', '2025-11-23 11:33:23'),
(12, 'jcdavid123c', '1', '2025-11-23 11:33:35'),
(12, 'jcdavid123c', '1', '2025-11-23 11:36:56'),
(12, 'jcdavid123c', '1', '2025-11-23 11:39:16'),
(12, 'jcdavid123c', '1', '2025-11-23 11:39:28'),
(12, 'jcdavid123c', '1', '2025-11-23 11:39:44'),
(12, 'jcdavid123c', '1', '2025-11-23 11:40:12'),
(12, 'jcdavid123c', '1', '2025-12-06 11:16:38'),
(8, 'jcdavid123', '2', '2025-12-06 13:43:21'),
(12, 'jcdavid123c', '1', '2025-12-06 13:43:50'),
(12, 'jcdavid123c', '1', '2025-12-07 10:17:41'),
(12, 'jcdavid123c', '1', '2025-12-07 10:23:13'),
(8, 'jcdavid123', '2', '2025-12-07 10:23:31'),
(12, 'jcdavid123c', '1', '2025-12-07 13:25:49'),
(12, 'jcdavid123c', '1', '2025-12-08 08:35:57'),
(12, 'jcdavid123c', '1', '2025-12-09 16:10:32'),
(12, 'jcdavid123c', '1', '2025-12-09 16:11:07'),
(12, 'jcdavid123c', '1', '2025-12-09 16:16:03'),
(12, 'jcdavid123c', '1', '2025-12-09 16:16:37'),
(12, 'jcdavid123c', '2', '2025-12-09 16:29:45'),
(16, 'johncruz', '3', '2025-12-09 16:51:25'),
(16, 'johncruz', '3', '2025-12-09 17:13:10'),
(16, 'johncruz', '3', '2025-12-09 17:23:44'),
(12, 'jcdavid123c', '1', '2025-12-10 13:01:50'),
(8, 'jcdavid123', '2', '2025-12-10 13:02:05'),
(8, 'jcdavid123', '2', '2025-12-11 12:24:17'),
(12, 'jcdavid123c', '1', '2025-12-11 12:26:06'),
(8, 'jcdavid123', '2', '2025-12-11 13:40:17'),
(12, 'jcdavid123c', '1', '2025-12-11 13:40:45');

-- --------------------------------------------------------

--
-- Table structure for table `tbl_audit_trail`
--

CREATE TABLE `tbl_audit_trail` (
  `trail_user_id` int(11) DEFAULT NULL,
  `trail_username` varchar(50) DEFAULT NULL,
  `trail_activity` varchar(50) DEFAULT NULL,
  `trail_user_type` varchar(50) DEFAULT NULL,
  `trail_date` timestamp NOT NULL DEFAULT current_timestamp()
) ENGINE=InnoDB DEFAULT CHARSET=utf8mb4 COLLATE=utf8mb4_general_ci;

--
-- Dumping data for table `tbl_audit_trail`
--

INSERT INTO `tbl_audit_trail` (`trail_user_id`, `trail_username`, `trail_activity`, `trail_user_type`, `trail_date`) VALUES
(6, 'admin', 'Deactivated Account ID: 3', 'Admin', '2024-12-11 11:59:31'),
(8, 'jcdavid123', 'Updated Service ID: 30', 'Admin', '2025-10-19 10:31:59'),
(8, 'jcdavid123', 'Updated Service ID: 30', 'Admin', '2025-10-19 10:32:09'),
(8, 'jcdavid123', 'Deleted Service ID: 37', 'Admin', '2025-10-19 11:37:46'),
(8, 'jcdavid123', 'Updated Service ID: 1', 'Admin', '2025-10-19 11:43:23'),
(8, 'jcdavid123', 'Updated Service ID: 1', 'Admin', '2025-10-19 11:44:53'),
(8, 'jcdavid123', 'Added Product: Chicken Wings', 'Admin', '2025-11-05 13:30:32'),
(8, 'jcdavid123', 'Added Product: Chicken Wings', 'Admin', '2025-11-05 13:38:18'),
(8, 'jcdavid123', 'Updated Product ID: 20', 'Admin', '2025-11-05 13:48:15'),
(8, 'jcdavid123', 'Updated Product ID: 20', 'Admin', '2025-11-05 13:48:24'),
(8, 'jcdavid123', 'Updated Product ID: 20', 'Admin', '2025-11-05 14:01:32'),
(8, 'jcdavid123', 'Deactivated Account ID: 1', 'Admin', '2025-11-05 14:16:57'),
(8, 'jcdavid123', 'Deactivated Account ID: 1', 'Admin', '2025-11-05 14:20:13'),
(8, 'jcdavid123', 'Updated Product ID: 15', 'Admin', '2025-11-23 09:24:15'),
(8, 'jcdavid123', 'Updated Product ID: 15', 'Admin', '2025-11-23 09:24:30'),
(8, 'jcdavid123', 'Updated Product ID: 15', 'Admin', '2025-11-23 09:39:48'),
(8, 'jcdavid123', 'Updated Service ID: 1', 'Admin', '2025-11-23 09:47:57'),
(8, 'jcdavid123', 'Updated Service ID: 30', 'Admin', '2025-11-23 10:16:44');

-- --------------------------------------------------------

--
-- Table structure for table `tbl_best_seller`
--

CREATE TABLE `tbl_best_seller` (
  `prod_id` int(11) NOT NULL,
  `prod_name` varchar(255) NOT NULL,
  `prod_price` int(11) NOT NULL,
  `concern_id` int(11) NOT NULL,
  `ingredients_id` int(11) NOT NULL,
  `prod_stocks` int(11) NOT NULL,
  `prod_img` varchar(255) NOT NULL
) ENGINE=InnoDB DEFAULT CHARSET=utf8mb4 COLLATE=utf8mb4_general_ci;

-- --------------------------------------------------------

--
-- Table structure for table `tbl_billing_details`
--

CREATE TABLE `tbl_billing_details` (
  `ac_details_id` int(11) NOT NULL,
  `ac_id` int(11) NOT NULL,
  `email` varchar(255) NOT NULL,
  `first_name` varchar(50) NOT NULL,
  `middle_name` varchar(50) DEFAULT NULL,
  `last_name` varchar(50) NOT NULL,
  `unit_number` varchar(50) NOT NULL,
  `barangay` varchar(50) NOT NULL,
  `postal_code` varchar(20) NOT NULL,
  `city` varchar(50) NOT NULL,
  `region` varchar(20) NOT NULL,
  `phone_number` varchar(20) NOT NULL,
  `payment_type_id` int(11) NOT NULL,
  `delivery_type_id` int(11) NOT NULL
) ENGINE=InnoDB DEFAULT CHARSET=utf8mb4 COLLATE=utf8mb4_general_ci;

--
-- Dumping data for table `tbl_billing_details`
--

INSERT INTO `tbl_billing_details` (`ac_details_id`, `ac_id`, `email`, `first_name`, `middle_name`, `last_name`, `unit_number`, `barangay`, `postal_code`, `city`, `region`, `phone_number`, `payment_type_id`, `delivery_type_id`) VALUES
(1, 4, 'lelouch@gmail.com', 'lelouch', NULL, 'luoda', 'Rosal', 'Sabang', '3006', 'Baliuag', 'Region 4', '', 1, 1);

-- --------------------------------------------------------

--
-- Table structure for table `tbl_cart`
--

CREATE TABLE `tbl_cart` (
  `item_id` int(11) NOT NULL,
  `prod_id` int(11) NOT NULL,
  `prod_qnty` int(11) NOT NULL,
  `order_date` date DEFAULT NULL,
  `status_id` int(11) NOT NULL DEFAULT 1,
  `account_id` int(11) NOT NULL
) ENGINE=InnoDB DEFAULT CHARSET=utf8mb4 COLLATE=utf8mb4_general_ci;

--
-- Dumping data for table `tbl_cart`
--

INSERT INTO `tbl_cart` (`item_id`, `prod_id`, `prod_qnty`, `order_date`, `status_id`, `account_id`) VALUES
(1, 8, 1, '2024-12-11', 5, 4),
(2, 14, 1, '2024-12-11', 5, 4),
(3, 9, 1, '2024-12-11', 5, 4),
(4, 3, 1, '2024-09-11', 5, 4),
(5, 8, 1, '2024-12-11', 2, 2),
(6, 7, 1, '2024-12-11', 2, 2),
(10, 17, 1, '2025-10-21', 5, 12),
(13, 2, 1, '2025-10-21', 5, 12),
(14, 1, 1, '2025-10-21', 5, 12),
(15, 3, 1, '2025-10-21', 5, 12),
(17, 4, 1, '2025-11-05', 2, 12),
(18, 1, 1, '2025-11-05', 2, 12),
(30, 1, 1, '2025-12-06', 3, 12),
(31, 7, 1, '2025-12-06', 3, 12),
(43, 4, 1, '2025-12-11', 3, 12),
(44, 7, 1, '2025-12-11', 3, 12),
(49, 10, 1, NULL, 1, 12);

-- --------------------------------------------------------

--
-- Table structure for table `tbl_cart_vouchers`
--

CREATE TABLE `tbl_cart_vouchers` (
  `cart_voucher_id` int(11) NOT NULL,
  `voucher_id` int(11) NOT NULL,
  `account_id` int(11) NOT NULL,
  `added_date` timestamp NOT NULL DEFAULT current_timestamp(),
  `order_date` date DEFAULT NULL,
  `status_id` int(11) NOT NULL DEFAULT 1
) ENGINE=InnoDB DEFAULT CHARSET=utf8mb4 COLLATE=utf8mb4_general_ci;

--
-- Dumping data for table `tbl_cart_vouchers`
--

INSERT INTO `tbl_cart_vouchers` (`cart_voucher_id`, `voucher_id`, `account_id`, `added_date`, `order_date`, `status_id`) VALUES
(4, 2, 12, '2025-10-21 06:16:42', '2025-11-05', 2),
(7, 4, 12, '2025-12-06 14:14:12', '2025-12-06', 3),
(9, 4, 12, '2025-12-06 15:42:29', '2025-12-06', 3),
(14, 5, 12, '2025-12-11 13:51:03', NULL, 3);

-- --------------------------------------------------------

--
-- Table structure for table `tbl_concern`
--

CREATE TABLE `tbl_concern` (
  `concern_id` int(11) NOT NULL,
  `concern_name` varchar(255) NOT NULL
) ENGINE=InnoDB DEFAULT CHARSET=utf8mb4 COLLATE=utf8mb4_general_ci;

--
-- Dumping data for table `tbl_concern`
--

INSERT INTO `tbl_concern` (`concern_id`, `concern_name`) VALUES
(1, 'Acne'),
(2, 'Acne Scars'),
(3, 'Open Pores'),
(4, 'Pigmentation');

-- --------------------------------------------------------

--
-- Table structure for table `tbl_contact_us`
--

CREATE TABLE `tbl_contact_us` (
  `comment_id` int(11) NOT NULL,
  `name` varchar(50) NOT NULL,
  `email` varchar(50) NOT NULL,
  `contact` varchar(50) NOT NULL,
  `comment` varchar(255) NOT NULL
) ENGINE=InnoDB DEFAULT CHARSET=utf8mb4 COLLATE=utf8mb4_general_ci;

-- --------------------------------------------------------

--
-- Table structure for table `tbl_delivery_type`
--

CREATE TABLE `tbl_delivery_type` (
  `delivery_type_id` int(11) NOT NULL,
  `delivery_type` varchar(50) NOT NULL
) ENGINE=InnoDB DEFAULT CHARSET=utf8mb4 COLLATE=utf8mb4_general_ci;

--
-- Dumping data for table `tbl_delivery_type`
--

INSERT INTO `tbl_delivery_type` (`delivery_type_id`, `delivery_type`) VALUES
(1, 'ship'),
(2, 'pickup');

-- --------------------------------------------------------

--
-- Table structure for table `tbl_dermatologists`
--

CREATE TABLE `tbl_dermatologists` (
  `derm_id` int(11) NOT NULL,
  `ac_id` int(11) DEFAULT NULL,
  `derm_name` varchar(100) NOT NULL,
  `derm_specialization` varchar(255) DEFAULT NULL,
  `derm_image` varchar(255) DEFAULT NULL,
  `derm_status` enum('Active','Inactive') DEFAULT 'Active'
) ENGINE=InnoDB DEFAULT CHARSET=utf8mb4 COLLATE=utf8mb4_general_ci;

--
-- Dumping data for table `tbl_dermatologists`
--

INSERT INTO `tbl_dermatologists` (`derm_id`, `ac_id`, `derm_name`, `derm_specialization`, `derm_image`, `derm_status`) VALUES
(1, 13, 'Dr. Maria Santos', 'Cosmetic Dermatology', 'derm_1_1760941644.jpeg', 'Active'),
(2, 16, 'Dr. John Cruz', 'Medical Dermatology', NULL, 'Active'),
(3, 15, 'Dr. Ana Reyes', 'Pediatric Dermatology', NULL, 'Active');

-- --------------------------------------------------------

--
-- Table structure for table `tbl_derm_schedule`
--

CREATE TABLE `tbl_derm_schedule` (
  `schedule_id` int(11) NOT NULL,
  `derm_id` int(11) NOT NULL,
  `schedule_date` date NOT NULL,
  `time_slot` time NOT NULL,
  `is_available` tinyint(1) DEFAULT 1,
  `max_bookings` int(11) DEFAULT 1
) ENGINE=InnoDB DEFAULT CHARSET=utf8mb4 COLLATE=utf8mb4_general_ci;

--
-- Dumping data for table `tbl_derm_schedule`
--

INSERT INTO `tbl_derm_schedule` (`schedule_id`, `derm_id`, `schedule_date`, `time_slot`, `is_available`, `max_bookings`) VALUES
(1, 1, '2025-10-20', '09:00:00', 1, 20),
(2, 1, '2025-10-20', '10:00:00', 1, 20),
(3, 1, '2025-10-20', '11:00:00', 1, 20),
(4, 1, '2025-10-20', '12:00:00', 1, 20),
(5, 1, '2025-10-20', '13:00:00', 1, 20),
(6, 1, '2025-10-20', '14:00:00', 1, 20),
(7, 1, '2025-10-20', '15:00:00', 1, 20),
(8, 1, '2025-10-20', '16:00:00', 1, 20),
(9, 1, '2025-10-20', '17:00:00', 1, 20),
(10, 1, '2025-10-21', '09:00:00', 1, 20),
(11, 1, '2025-10-21', '10:00:00', 1, 20),
(12, 1, '2025-10-21', '11:00:00', 1, 20),
(13, 1, '2025-10-21', '12:00:00', 1, 20),
(14, 1, '2025-10-21', '13:00:00', 1, 20),
(15, 1, '2025-10-21', '14:00:00', 1, 20),
(16, 1, '2025-10-21', '15:00:00', 1, 20),
(17, 1, '2025-10-21', '16:00:00', 1, 20),
(18, 1, '2025-10-21', '17:00:00', 1, 20),
(19, 1, '2025-10-22', '09:00:00', 1, 20),
(20, 1, '2025-10-22', '10:00:00', 1, 20),
(21, 1, '2025-10-22', '11:00:00', 1, 20),
(22, 1, '2025-10-22', '12:00:00', 1, 20),
(23, 1, '2025-10-22', '13:00:00', 1, 20),
(24, 1, '2025-10-22', '14:00:00', 1, 20),
(25, 1, '2025-10-22', '15:00:00', 1, 20),
(26, 1, '2025-10-22', '16:00:00', 1, 20),
(27, 1, '2025-10-22', '17:00:00', 1, 20),
(28, 1, '2025-10-23', '09:00:00', 1, 20),
(29, 1, '2025-10-23', '10:00:00', 1, 20),
(30, 1, '2025-10-23', '11:00:00', 1, 20),
(31, 1, '2025-10-23', '12:00:00', 1, 20),
(32, 1, '2025-10-23', '13:00:00', 1, 20),
(33, 1, '2025-10-23', '14:00:00', 1, 20),
(34, 1, '2025-10-23', '15:00:00', 1, 20),
(35, 1, '2025-10-23', '16:00:00', 1, 20),
(36, 1, '2025-10-23', '17:00:00', 1, 20),
(37, 1, '2025-10-24', '09:00:00', 1, 20),
(38, 1, '2025-10-24', '10:00:00', 1, 20),
(39, 1, '2025-10-24', '11:00:00', 1, 20),
(40, 1, '2025-10-24', '12:00:00', 1, 20),
(41, 1, '2025-10-24', '13:00:00', 1, 20),
(42, 1, '2025-10-24', '14:00:00', 1, 20),
(43, 1, '2025-10-24', '15:00:00', 1, 20),
(44, 1, '2025-10-24', '16:00:00', 1, 20),
(45, 1, '2025-10-24', '17:00:00', 1, 20),
(46, 1, '2025-10-25', '09:00:00', 1, 20),
(47, 1, '2025-10-25', '10:00:00', 1, 20),
(48, 1, '2025-10-25', '11:00:00', 1, 20),
(49, 1, '2025-10-25', '12:00:00', 1, 20),
(50, 1, '2025-10-25', '13:00:00', 1, 20),
(51, 1, '2025-10-25', '14:00:00', 1, 20),
(52, 1, '2025-10-25', '15:00:00', 1, 20),
(53, 1, '2025-10-25', '16:00:00', 1, 20),
(54, 1, '2025-10-25', '17:00:00', 1, 20),
(55, 1, '2025-10-27', '09:00:00', 1, 20),
(56, 1, '2025-10-27', '10:00:00', 1, 20),
(57, 1, '2025-10-27', '11:00:00', 1, 20),
(58, 1, '2025-10-27', '12:00:00', 1, 20),
(59, 1, '2025-10-27', '13:00:00', 1, 20),
(60, 1, '2025-10-27', '14:00:00', 1, 20),
(61, 1, '2025-10-27', '15:00:00', 1, 20),
(62, 1, '2025-10-27', '16:00:00', 1, 20),
(63, 1, '2025-10-27', '17:00:00', 1, 20),
(64, 1, '2025-10-28', '09:00:00', 1, 20),
(65, 1, '2025-10-28', '10:00:00', 1, 20),
(66, 1, '2025-10-28', '11:00:00', 1, 20),
(67, 1, '2025-10-28', '12:00:00', 1, 20),
(68, 1, '2025-10-28', '13:00:00', 1, 20),
(69, 1, '2025-10-28', '14:00:00', 1, 20),
(70, 1, '2025-10-28', '15:00:00', 1, 20),
(71, 1, '2025-10-28', '16:00:00', 1, 20),
(72, 1, '2025-10-28', '17:00:00', 1, 20),
(73, 1, '2025-10-29', '09:00:00', 1, 20),
(74, 1, '2025-10-29', '10:00:00', 1, 20),
(75, 1, '2025-10-29', '11:00:00', 1, 20),
(76, 1, '2025-10-29', '12:00:00', 1, 20),
(77, 1, '2025-10-29', '13:00:00', 1, 20),
(78, 1, '2025-10-29', '14:00:00', 1, 20),
(79, 1, '2025-10-29', '15:00:00', 1, 20),
(80, 1, '2025-10-29', '16:00:00', 1, 20),
(81, 1, '2025-10-29', '17:00:00', 1, 20),
(82, 1, '2025-10-30', '09:00:00', 1, 20),
(83, 1, '2025-10-30', '10:00:00', 1, 20),
(84, 1, '2025-10-30', '11:00:00', 1, 20),
(85, 1, '2025-10-30', '12:00:00', 1, 20),
(86, 1, '2025-10-30', '13:00:00', 1, 20),
(87, 1, '2025-10-30', '14:00:00', 1, 20),
(88, 1, '2025-10-30', '15:00:00', 1, 20),
(89, 1, '2025-10-30', '16:00:00', 1, 20),
(90, 1, '2025-10-30', '17:00:00', 1, 20),
(91, 1, '2025-10-31', '09:00:00', 1, 20),
(92, 1, '2025-10-31', '10:00:00', 1, 20),
(93, 1, '2025-10-31', '11:00:00', 1, 20),
(94, 1, '2025-10-31', '12:00:00', 1, 20),
(95, 1, '2025-10-31', '13:00:00', 1, 20),
(96, 1, '2025-10-31', '14:00:00', 1, 20),
(97, 1, '2025-10-31', '15:00:00', 1, 20),
(98, 1, '2025-10-31', '16:00:00', 1, 20),
(99, 1, '2025-10-31', '17:00:00', 1, 20),
(100, 1, '2025-11-01', '09:00:00', 1, 20),
(101, 1, '2025-11-01', '10:00:00', 1, 20),
(102, 1, '2025-11-01', '11:00:00', 1, 20),
(103, 1, '2025-11-01', '12:00:00', 1, 20),
(104, 1, '2025-11-01', '13:00:00', 1, 20),
(105, 1, '2025-11-01', '14:00:00', 1, 20),
(106, 1, '2025-11-01', '15:00:00', 1, 20),
(107, 1, '2025-11-01', '16:00:00', 1, 20),
(108, 1, '2025-11-01', '17:00:00', 1, 20),
(109, 1, '2025-11-03', '09:00:00', 1, 20),
(110, 1, '2025-11-03', '10:00:00', 1, 20),
(111, 1, '2025-11-03', '11:00:00', 1, 20),
(112, 1, '2025-11-03', '12:00:00', 1, 20),
(113, 1, '2025-11-03', '13:00:00', 1, 20),
(114, 1, '2025-11-03', '14:00:00', 1, 20),
(115, 1, '2025-11-03', '15:00:00', 1, 20),
(116, 1, '2025-11-03', '16:00:00', 1, 20),
(117, 1, '2025-11-03', '17:00:00', 1, 20),
(118, 1, '2025-11-04', '09:00:00', 1, 20),
(119, 1, '2025-11-04', '10:00:00', 1, 20),
(120, 1, '2025-11-04', '11:00:00', 1, 20),
(121, 1, '2025-11-04', '12:00:00', 1, 20),
(122, 1, '2025-11-04', '13:00:00', 1, 20),
(123, 1, '2025-11-04', '14:00:00', 1, 20),
(124, 1, '2025-11-04', '15:00:00', 1, 20),
(125, 1, '2025-11-04', '16:00:00', 1, 20),
(126, 1, '2025-11-04', '17:00:00', 1, 20),
(127, 1, '2025-11-05', '09:00:00', 1, 20),
(128, 1, '2025-11-05', '10:00:00', 1, 20),
(129, 1, '2025-11-05', '11:00:00', 1, 20),
(130, 1, '2025-11-05', '12:00:00', 1, 20),
(131, 1, '2025-11-05', '13:00:00', 1, 20),
(132, 1, '2025-11-05', '14:00:00', 1, 20),
(133, 1, '2025-11-05', '15:00:00', 1, 20),
(134, 1, '2025-11-05', '16:00:00', 1, 20),
(135, 1, '2025-11-05', '17:00:00', 1, 20),
(136, 1, '2025-11-06', '09:00:00', 1, 20),
(137, 1, '2025-11-06', '10:00:00', 1, 20),
(138, 1, '2025-11-06', '11:00:00', 1, 20),
(139, 1, '2025-11-06', '12:00:00', 1, 20),
(140, 1, '2025-11-06', '13:00:00', 1, 20),
(141, 1, '2025-11-06', '14:00:00', 1, 20),
(142, 1, '2025-11-06', '15:00:00', 1, 20),
(143, 1, '2025-11-06', '16:00:00', 1, 20),
(144, 1, '2025-11-06', '17:00:00', 1, 20),
(145, 1, '2025-11-07', '09:00:00', 1, 20),
(146, 1, '2025-11-07', '10:00:00', 1, 20),
(147, 1, '2025-11-07', '11:00:00', 1, 20),
(148, 1, '2025-11-07', '12:00:00', 1, 20),
(149, 1, '2025-11-07', '13:00:00', 1, 20),
(150, 1, '2025-11-07', '14:00:00', 1, 20),
(151, 1, '2025-11-07', '15:00:00', 1, 20),
(152, 1, '2025-11-07', '16:00:00', 1, 20),
(153, 1, '2025-11-07', '17:00:00', 1, 20),
(154, 1, '2025-11-08', '09:00:00', 1, 20),
(155, 1, '2025-11-08', '10:00:00', 1, 20),
(156, 1, '2025-11-08', '11:00:00', 1, 20),
(157, 1, '2025-11-08', '12:00:00', 1, 20),
(158, 1, '2025-11-08', '13:00:00', 1, 20),
(159, 1, '2025-11-08', '14:00:00', 1, 20),
(160, 1, '2025-11-08', '15:00:00', 1, 20),
(161, 1, '2025-11-08', '16:00:00', 1, 20),
(162, 1, '2025-11-08', '17:00:00', 1, 20),
(163, 1, '2025-11-10', '09:00:00', 1, 20),
(164, 1, '2025-11-10', '10:00:00', 1, 20),
(165, 1, '2025-11-10', '11:00:00', 1, 20),
(166, 1, '2025-11-10', '12:00:00', 1, 20),
(167, 1, '2025-11-10', '13:00:00', 1, 20),
(168, 1, '2025-11-10', '14:00:00', 1, 20),
(169, 1, '2025-11-10', '15:00:00', 1, 20),
(170, 1, '2025-11-10', '16:00:00', 1, 20),
(171, 1, '2025-11-10', '17:00:00', 1, 20),
(172, 1, '2025-11-11', '09:00:00', 1, 20),
(173, 1, '2025-11-11', '10:00:00', 1, 20),
(174, 1, '2025-11-11', '11:00:00', 1, 20),
(175, 1, '2025-11-11', '12:00:00', 1, 20),
(176, 1, '2025-11-11', '13:00:00', 1, 20),
(177, 1, '2025-11-11', '14:00:00', 1, 20),
(178, 1, '2025-11-11', '15:00:00', 1, 20),
(179, 1, '2025-11-11', '16:00:00', 1, 20),
(180, 1, '2025-11-11', '17:00:00', 1, 20),
(181, 1, '2025-11-12', '09:00:00', 1, 20),
(182, 1, '2025-11-12', '10:00:00', 1, 20),
(183, 1, '2025-11-12', '11:00:00', 1, 20),
(184, 1, '2025-11-12', '12:00:00', 1, 20),
(185, 1, '2025-11-12', '13:00:00', 1, 20),
(186, 1, '2025-11-12', '14:00:00', 1, 20),
(187, 1, '2025-11-12', '15:00:00', 1, 20),
(188, 1, '2025-11-12', '16:00:00', 1, 20),
(189, 1, '2025-11-12', '17:00:00', 1, 20),
(190, 1, '2025-11-13', '09:00:00', 1, 20),
(191, 1, '2025-11-13', '10:00:00', 1, 20),
(192, 1, '2025-11-13', '11:00:00', 1, 20),
(193, 1, '2025-11-13', '12:00:00', 1, 20),
(194, 1, '2025-11-13', '13:00:00', 1, 20),
(195, 1, '2025-11-13', '14:00:00', 1, 20),
(196, 1, '2025-11-13', '15:00:00', 1, 20),
(197, 1, '2025-11-13', '16:00:00', 1, 20),
(198, 1, '2025-11-13', '17:00:00', 1, 20),
(199, 1, '2025-11-14', '09:00:00', 1, 20),
(200, 1, '2025-11-14', '10:00:00', 1, 20),
(201, 1, '2025-11-14', '11:00:00', 1, 20),
(202, 1, '2025-11-14', '12:00:00', 1, 20),
(203, 1, '2025-11-14', '13:00:00', 1, 20),
(204, 1, '2025-11-14', '14:00:00', 1, 20),
(205, 1, '2025-11-14', '15:00:00', 1, 20),
(206, 1, '2025-11-14', '16:00:00', 1, 20),
(207, 1, '2025-11-14', '17:00:00', 1, 20),
(208, 1, '2025-11-15', '09:00:00', 1, 20),
(209, 1, '2025-11-15', '10:00:00', 1, 20),
(210, 1, '2025-11-15', '11:00:00', 1, 20),
(211, 1, '2025-11-15', '12:00:00', 1, 20),
(212, 1, '2025-11-15', '13:00:00', 1, 20),
(213, 1, '2025-11-15', '14:00:00', 1, 20),
(214, 1, '2025-11-15', '15:00:00', 1, 20),
(215, 1, '2025-11-15', '16:00:00', 1, 20),
(216, 1, '2025-11-15', '17:00:00', 1, 20),
(217, 1, '2025-11-17', '09:00:00', 1, 20),
(218, 1, '2025-11-17', '10:00:00', 1, 20),
(219, 1, '2025-11-17', '11:00:00', 1, 20),
(220, 1, '2025-11-17', '12:00:00', 1, 20),
(221, 1, '2025-11-17', '13:00:00', 1, 20),
(222, 1, '2025-11-17', '14:00:00', 1, 20),
(223, 1, '2025-11-17', '15:00:00', 1, 20),
(224, 1, '2025-11-17', '16:00:00', 1, 20),
(225, 1, '2025-11-17', '17:00:00', 1, 20),
(226, 1, '2025-11-18', '09:00:00', 1, 20),
(227, 1, '2025-11-18', '10:00:00', 1, 20),
(228, 1, '2025-11-18', '11:00:00', 1, 20),
(229, 1, '2025-11-18', '12:00:00', 1, 20),
(230, 1, '2025-11-18', '13:00:00', 1, 20),
(231, 1, '2025-11-18', '14:00:00', 1, 20),
(232, 1, '2025-11-18', '15:00:00', 1, 20),
(233, 1, '2025-11-18', '16:00:00', 1, 20),
(234, 1, '2025-11-18', '17:00:00', 1, 20),
(235, 2, '2025-10-20', '09:00:00', 1, 20),
(236, 2, '2025-10-20', '10:00:00', 1, 20),
(237, 2, '2025-10-20', '11:00:00', 1, 20),
(238, 2, '2025-10-20', '12:00:00', 1, 20),
(239, 2, '2025-10-20', '13:00:00', 1, 20),
(240, 2, '2025-10-20', '14:00:00', 1, 20),
(241, 2, '2025-10-20', '15:00:00', 1, 20),
(242, 2, '2025-10-20', '16:00:00', 1, 20),
(243, 2, '2025-10-20', '17:00:00', 1, 20),
(244, 2, '2025-10-21', '09:00:00', 1, 20),
(245, 2, '2025-10-21', '10:00:00', 1, 20),
(246, 2, '2025-10-21', '11:00:00', 1, 20),
(247, 2, '2025-10-21', '12:00:00', 1, 20),
(248, 2, '2025-10-21', '13:00:00', 1, 20),
(249, 2, '2025-10-21', '14:00:00', 1, 20),
(250, 2, '2025-10-21', '15:00:00', 1, 20),
(251, 2, '2025-10-21', '16:00:00', 1, 20),
(252, 2, '2025-10-21', '17:00:00', 1, 20),
(253, 2, '2025-10-22', '09:00:00', 1, 20),
(254, 2, '2025-10-22', '10:00:00', 1, 20),
(255, 2, '2025-10-22', '11:00:00', 1, 20),
(256, 2, '2025-10-22', '12:00:00', 1, 20),
(257, 2, '2025-10-22', '13:00:00', 1, 20),
(258, 2, '2025-10-22', '14:00:00', 1, 20),
(259, 2, '2025-10-22', '15:00:00', 1, 20),
(260, 2, '2025-10-22', '16:00:00', 1, 20),
(261, 2, '2025-10-22', '17:00:00', 1, 20),
(262, 2, '2025-10-23', '09:00:00', 1, 20),
(263, 2, '2025-10-23', '10:00:00', 1, 20),
(264, 2, '2025-10-23', '11:00:00', 1, 20),
(265, 2, '2025-10-23', '12:00:00', 1, 20),
(266, 2, '2025-10-23', '13:00:00', 1, 20),
(267, 2, '2025-10-23', '14:00:00', 1, 20),
(268, 2, '2025-10-23', '15:00:00', 1, 20),
(269, 2, '2025-10-23', '16:00:00', 1, 20),
(270, 2, '2025-10-23', '17:00:00', 1, 20),
(271, 2, '2025-10-24', '09:00:00', 1, 20),
(272, 2, '2025-10-24', '10:00:00', 1, 20),
(273, 2, '2025-10-24', '11:00:00', 1, 20),
(274, 2, '2025-10-24', '12:00:00', 1, 20),
(275, 2, '2025-10-24', '13:00:00', 1, 20),
(276, 2, '2025-10-24', '14:00:00', 1, 20),
(277, 2, '2025-10-24', '15:00:00', 1, 20),
(278, 2, '2025-10-24', '16:00:00', 1, 20),
(279, 2, '2025-10-24', '17:00:00', 1, 20),
(280, 2, '2025-10-25', '09:00:00', 1, 20),
(281, 2, '2025-10-25', '10:00:00', 1, 20),
(282, 2, '2025-10-25', '11:00:00', 1, 20),
(283, 2, '2025-10-25', '12:00:00', 1, 20),
(284, 2, '2025-10-25', '13:00:00', 1, 20),
(285, 2, '2025-10-25', '14:00:00', 1, 20),
(286, 2, '2025-10-25', '15:00:00', 1, 20),
(287, 2, '2025-10-25', '16:00:00', 1, 20),
(288, 2, '2025-10-25', '17:00:00', 1, 20),
(289, 2, '2025-10-27', '09:00:00', 1, 20),
(290, 2, '2025-10-27', '10:00:00', 1, 20),
(291, 2, '2025-10-27', '11:00:00', 1, 20),
(292, 2, '2025-10-27', '12:00:00', 1, 20),
(293, 2, '2025-10-27', '13:00:00', 1, 20),
(294, 2, '2025-10-27', '14:00:00', 1, 20),
(295, 2, '2025-10-27', '15:00:00', 1, 20),
(296, 2, '2025-10-27', '16:00:00', 1, 20),
(297, 2, '2025-10-27', '17:00:00', 1, 20),
(298, 2, '2025-10-28', '09:00:00', 1, 20),
(299, 2, '2025-10-28', '10:00:00', 1, 20),
(300, 2, '2025-10-28', '11:00:00', 1, 20),
(301, 2, '2025-10-28', '12:00:00', 1, 20),
(302, 2, '2025-10-28', '13:00:00', 1, 20),
(303, 2, '2025-10-28', '14:00:00', 1, 20),
(304, 2, '2025-10-28', '15:00:00', 1, 20),
(305, 2, '2025-10-28', '16:00:00', 1, 20),
(306, 2, '2025-10-28', '17:00:00', 1, 20),
(307, 2, '2025-10-29', '09:00:00', 1, 20),
(308, 2, '2025-10-29', '10:00:00', 1, 20),
(309, 2, '2025-10-29', '11:00:00', 1, 20),
(310, 2, '2025-10-29', '12:00:00', 1, 20),
(311, 2, '2025-10-29', '13:00:00', 1, 20),
(312, 2, '2025-10-29', '14:00:00', 1, 20),
(313, 2, '2025-10-29', '15:00:00', 1, 20),
(314, 2, '2025-10-29', '16:00:00', 1, 20),
(315, 2, '2025-10-29', '17:00:00', 1, 20),
(316, 2, '2025-10-30', '09:00:00', 1, 20),
(317, 2, '2025-10-30', '10:00:00', 1, 20),
(318, 2, '2025-10-30', '11:00:00', 1, 20),
(319, 2, '2025-10-30', '12:00:00', 1, 20),
(320, 2, '2025-10-30', '13:00:00', 1, 20),
(321, 2, '2025-10-30', '14:00:00', 1, 20),
(322, 2, '2025-10-30', '15:00:00', 1, 20),
(323, 2, '2025-10-30', '16:00:00', 1, 20),
(324, 2, '2025-10-30', '17:00:00', 1, 20),
(325, 2, '2025-10-31', '09:00:00', 1, 20),
(326, 2, '2025-10-31', '10:00:00', 1, 20),
(327, 2, '2025-10-31', '11:00:00', 1, 20),
(328, 2, '2025-10-31', '12:00:00', 1, 20),
(329, 2, '2025-10-31', '13:00:00', 1, 20),
(330, 2, '2025-10-31', '14:00:00', 1, 20),
(331, 2, '2025-10-31', '15:00:00', 1, 20),
(332, 2, '2025-10-31', '16:00:00', 1, 20),
(333, 2, '2025-10-31', '17:00:00', 1, 20),
(334, 2, '2025-11-01', '09:00:00', 1, 20),
(335, 2, '2025-11-01', '10:00:00', 1, 20),
(336, 2, '2025-11-01', '11:00:00', 1, 20),
(337, 2, '2025-11-01', '12:00:00', 1, 20),
(338, 2, '2025-11-01', '13:00:00', 1, 20),
(339, 2, '2025-11-01', '14:00:00', 1, 20),
(340, 2, '2025-11-01', '15:00:00', 1, 20),
(341, 2, '2025-11-01', '16:00:00', 1, 20),
(342, 2, '2025-11-01', '17:00:00', 1, 20),
(343, 2, '2025-11-03', '09:00:00', 1, 20),
(344, 2, '2025-11-03', '10:00:00', 1, 20),
(345, 2, '2025-11-03', '11:00:00', 1, 20),
(346, 2, '2025-11-03', '12:00:00', 1, 20),
(347, 2, '2025-11-03', '13:00:00', 1, 20),
(348, 2, '2025-11-03', '14:00:00', 1, 20),
(349, 2, '2025-11-03', '15:00:00', 1, 20),
(350, 2, '2025-11-03', '16:00:00', 1, 20),
(351, 2, '2025-11-03', '17:00:00', 1, 20),
(352, 2, '2025-11-04', '09:00:00', 1, 20),
(353, 2, '2025-11-04', '10:00:00', 1, 20),
(354, 2, '2025-11-04', '11:00:00', 1, 20),
(355, 2, '2025-11-04', '12:00:00', 1, 20),
(356, 2, '2025-11-04', '13:00:00', 1, 20),
(357, 2, '2025-11-04', '14:00:00', 1, 20),
(358, 2, '2025-11-04', '15:00:00', 1, 20),
(359, 2, '2025-11-04', '16:00:00', 1, 20),
(360, 2, '2025-11-04', '17:00:00', 1, 20),
(361, 2, '2025-11-05', '09:00:00', 1, 20),
(362, 2, '2025-11-05', '10:00:00', 1, 20),
(363, 2, '2025-11-05', '11:00:00', 1, 20),
(364, 2, '2025-11-05', '12:00:00', 1, 20),
(365, 2, '2025-11-05', '13:00:00', 1, 20),
(366, 2, '2025-11-05', '14:00:00', 1, 20),
(367, 2, '2025-11-05', '15:00:00', 1, 20),
(368, 2, '2025-11-05', '16:00:00', 1, 20),
(369, 2, '2025-11-05', '17:00:00', 1, 20),
(370, 2, '2025-11-06', '09:00:00', 1, 20),
(371, 2, '2025-11-06', '10:00:00', 1, 20),
(372, 2, '2025-11-06', '11:00:00', 1, 20),
(373, 2, '2025-11-06', '12:00:00', 1, 20),
(374, 2, '2025-11-06', '13:00:00', 1, 20),
(375, 2, '2025-11-06', '14:00:00', 1, 20),
(376, 2, '2025-11-06', '15:00:00', 1, 20),
(377, 2, '2025-11-06', '16:00:00', 1, 20),
(378, 2, '2025-11-06', '17:00:00', 1, 20),
(379, 2, '2025-11-07', '09:00:00', 1, 20),
(380, 2, '2025-11-07', '10:00:00', 1, 20),
(381, 2, '2025-11-07', '11:00:00', 1, 20),
(382, 2, '2025-11-07', '12:00:00', 1, 20),
(383, 2, '2025-11-07', '13:00:00', 1, 20),
(384, 2, '2025-11-07', '14:00:00', 1, 20),
(385, 2, '2025-11-07', '15:00:00', 1, 20),
(386, 2, '2025-11-07', '16:00:00', 1, 20),
(387, 2, '2025-11-07', '17:00:00', 1, 20),
(388, 2, '2025-11-08', '09:00:00', 1, 20),
(389, 2, '2025-11-08', '10:00:00', 1, 20),
(390, 2, '2025-11-08', '11:00:00', 1, 20),
(391, 2, '2025-11-08', '12:00:00', 1, 20),
(392, 2, '2025-11-08', '13:00:00', 1, 20),
(393, 2, '2025-11-08', '14:00:00', 1, 20),
(394, 2, '2025-11-08', '15:00:00', 1, 20),
(395, 2, '2025-11-08', '16:00:00', 1, 20),
(396, 2, '2025-11-08', '17:00:00', 1, 20),
(397, 2, '2025-11-10', '09:00:00', 1, 20),
(398, 2, '2025-11-10', '10:00:00', 1, 20),
(399, 2, '2025-11-10', '11:00:00', 1, 20),
(400, 2, '2025-11-10', '12:00:00', 1, 20),
(401, 2, '2025-11-10', '13:00:00', 1, 20),
(402, 2, '2025-11-10', '14:00:00', 1, 20),
(403, 2, '2025-11-10', '15:00:00', 1, 20),
(404, 2, '2025-11-10', '16:00:00', 1, 20),
(405, 2, '2025-11-10', '17:00:00', 1, 20),
(406, 2, '2025-11-11', '09:00:00', 1, 20),
(407, 2, '2025-11-11', '10:00:00', 1, 20),
(408, 2, '2025-11-11', '11:00:00', 1, 20),
(409, 2, '2025-11-11', '12:00:00', 1, 20),
(410, 2, '2025-11-11', '13:00:00', 1, 20),
(411, 2, '2025-11-11', '14:00:00', 1, 20),
(412, 2, '2025-11-11', '15:00:00', 1, 20),
(413, 2, '2025-11-11', '16:00:00', 1, 20),
(414, 2, '2025-11-11', '17:00:00', 1, 20),
(415, 2, '2025-11-12', '09:00:00', 1, 20),
(416, 2, '2025-11-12', '10:00:00', 1, 20),
(417, 2, '2025-11-12', '11:00:00', 1, 20),
(418, 2, '2025-11-12', '12:00:00', 1, 20),
(419, 2, '2025-11-12', '13:00:00', 1, 20),
(420, 2, '2025-11-12', '14:00:00', 1, 20),
(421, 2, '2025-11-12', '15:00:00', 1, 20),
(422, 2, '2025-11-12', '16:00:00', 1, 20),
(423, 2, '2025-11-12', '17:00:00', 1, 20),
(424, 2, '2025-11-13', '09:00:00', 1, 20),
(425, 2, '2025-11-13', '10:00:00', 1, 20),
(426, 2, '2025-11-13', '11:00:00', 1, 20),
(427, 2, '2025-11-13', '12:00:00', 1, 20),
(428, 2, '2025-11-13', '13:00:00', 1, 20),
(429, 2, '2025-11-13', '14:00:00', 1, 20),
(430, 2, '2025-11-13', '15:00:00', 1, 20),
(431, 2, '2025-11-13', '16:00:00', 1, 20),
(432, 2, '2025-11-13', '17:00:00', 1, 20),
(433, 2, '2025-11-14', '09:00:00', 1, 20),
(434, 2, '2025-11-14', '10:00:00', 1, 20),
(435, 2, '2025-11-14', '11:00:00', 1, 20),
(436, 2, '2025-11-14', '12:00:00', 1, 20),
(437, 2, '2025-11-14', '13:00:00', 1, 20),
(438, 2, '2025-11-14', '14:00:00', 1, 20),
(439, 2, '2025-11-14', '15:00:00', 1, 20),
(440, 2, '2025-11-14', '16:00:00', 1, 20),
(441, 2, '2025-11-14', '17:00:00', 1, 20),
(442, 2, '2025-11-15', '09:00:00', 1, 20),
(443, 2, '2025-11-15', '10:00:00', 1, 20),
(444, 2, '2025-11-15', '11:00:00', 1, 20),
(445, 2, '2025-11-15', '12:00:00', 1, 20),
(446, 2, '2025-11-15', '13:00:00', 1, 20),
(447, 2, '2025-11-15', '14:00:00', 1, 20),
(448, 2, '2025-11-15', '15:00:00', 1, 20),
(449, 2, '2025-11-15', '16:00:00', 1, 20),
(450, 2, '2025-11-15', '17:00:00', 1, 20),
(451, 2, '2025-11-17', '09:00:00', 1, 20),
(452, 2, '2025-11-17', '10:00:00', 1, 20),
(453, 2, '2025-11-17', '11:00:00', 1, 20),
(454, 2, '2025-11-17', '12:00:00', 1, 20),
(455, 2, '2025-11-17', '13:00:00', 1, 20),
(456, 2, '2025-11-17', '14:00:00', 1, 20),
(457, 2, '2025-11-17', '15:00:00', 1, 20),
(458, 2, '2025-11-17', '16:00:00', 1, 20),
(459, 2, '2025-11-17', '17:00:00', 1, 20),
(460, 2, '2025-11-18', '09:00:00', 1, 20),
(461, 2, '2025-11-18', '10:00:00', 1, 20),
(462, 2, '2025-11-18', '11:00:00', 1, 20),
(463, 2, '2025-11-18', '12:00:00', 1, 20),
(464, 2, '2025-11-18', '13:00:00', 1, 20),
(465, 2, '2025-11-18', '14:00:00', 1, 20),
(466, 2, '2025-11-18', '15:00:00', 1, 20),
(467, 2, '2025-11-18', '16:00:00', 1, 20),
(468, 2, '2025-11-18', '17:00:00', 1, 20),
(469, 3, '2025-10-20', '09:00:00', 1, 20),
(470, 3, '2025-10-20', '10:00:00', 1, 20),
(471, 3, '2025-10-20', '11:00:00', 1, 20),
(472, 3, '2025-10-20', '12:00:00', 1, 20),
(473, 3, '2025-10-20', '13:00:00', 1, 20),
(474, 3, '2025-10-20', '14:00:00', 1, 20),
(475, 3, '2025-10-20', '15:00:00', 1, 20),
(476, 3, '2025-10-20', '16:00:00', 1, 20),
(477, 3, '2025-10-20', '17:00:00', 1, 20),
(478, 3, '2025-10-21', '09:00:00', 1, 20),
(479, 3, '2025-10-21', '10:00:00', 1, 20),
(480, 3, '2025-10-21', '11:00:00', 1, 20),
(481, 3, '2025-10-21', '12:00:00', 1, 20),
(482, 3, '2025-10-21', '13:00:00', 1, 20),
(483, 3, '2025-10-21', '14:00:00', 1, 20),
(484, 3, '2025-10-21', '15:00:00', 1, 20),
(485, 3, '2025-10-21', '16:00:00', 1, 20),
(486, 3, '2025-10-21', '17:00:00', 1, 20),
(487, 3, '2025-10-22', '09:00:00', 1, 20),
(488, 3, '2025-10-22', '10:00:00', 1, 20),
(489, 3, '2025-10-22', '11:00:00', 1, 20),
(490, 3, '2025-10-22', '12:00:00', 1, 20),
(491, 3, '2025-10-22', '13:00:00', 1, 20),
(492, 3, '2025-10-22', '14:00:00', 1, 20),
(493, 3, '2025-10-22', '15:00:00', 1, 20),
(494, 3, '2025-10-22', '16:00:00', 1, 20),
(495, 3, '2025-10-22', '17:00:00', 1, 20),
(496, 3, '2025-10-23', '09:00:00', 1, 20),
(497, 3, '2025-10-23', '10:00:00', 1, 20),
(498, 3, '2025-10-23', '11:00:00', 1, 20),
(499, 3, '2025-10-23', '12:00:00', 1, 20),
(500, 3, '2025-10-23', '13:00:00', 1, 20),
(501, 3, '2025-10-23', '14:00:00', 1, 20),
(502, 3, '2025-10-23', '15:00:00', 1, 20),
(503, 3, '2025-10-23', '16:00:00', 1, 20),
(504, 3, '2025-10-23', '17:00:00', 1, 20),
(505, 3, '2025-10-24', '09:00:00', 1, 20),
(506, 3, '2025-10-24', '10:00:00', 1, 20),
(507, 3, '2025-10-24', '11:00:00', 1, 20),
(508, 3, '2025-10-24', '12:00:00', 1, 20),
(509, 3, '2025-10-24', '13:00:00', 1, 20),
(510, 3, '2025-10-24', '14:00:00', 1, 20),
(511, 3, '2025-10-24', '15:00:00', 1, 20),
(512, 3, '2025-10-24', '16:00:00', 1, 20),
(513, 3, '2025-10-24', '17:00:00', 1, 20),
(514, 3, '2025-10-25', '09:00:00', 1, 20),
(515, 3, '2025-10-25', '10:00:00', 1, 20),
(516, 3, '2025-10-25', '11:00:00', 1, 20),
(517, 3, '2025-10-25', '12:00:00', 1, 20),
(518, 3, '2025-10-25', '13:00:00', 1, 20),
(519, 3, '2025-10-25', '14:00:00', 1, 20),
(520, 3, '2025-10-25', '15:00:00', 1, 20),
(521, 3, '2025-10-25', '16:00:00', 1, 20),
(522, 3, '2025-10-25', '17:00:00', 1, 20),
(523, 3, '2025-10-27', '09:00:00', 1, 20),
(524, 3, '2025-10-27', '10:00:00', 1, 20),
(525, 3, '2025-10-27', '11:00:00', 1, 20),
(526, 3, '2025-10-27', '12:00:00', 1, 20),
(527, 3, '2025-10-27', '13:00:00', 1, 20),
(528, 3, '2025-10-27', '14:00:00', 1, 20),
(529, 3, '2025-10-27', '15:00:00', 1, 20),
(530, 3, '2025-10-27', '16:00:00', 1, 20),
(531, 3, '2025-10-27', '17:00:00', 1, 20),
(532, 3, '2025-10-28', '09:00:00', 1, 20),
(533, 3, '2025-10-28', '10:00:00', 1, 20),
(534, 3, '2025-10-28', '11:00:00', 1, 20),
(535, 3, '2025-10-28', '12:00:00', 1, 20),
(536, 3, '2025-10-28', '13:00:00', 1, 20),
(537, 3, '2025-10-28', '14:00:00', 1, 20),
(538, 3, '2025-10-28', '15:00:00', 1, 20),
(539, 3, '2025-10-28', '16:00:00', 1, 20),
(540, 3, '2025-10-28', '17:00:00', 1, 20),
(541, 3, '2025-10-29', '09:00:00', 1, 20),
(542, 3, '2025-10-29', '10:00:00', 1, 20),
(543, 3, '2025-10-29', '11:00:00', 1, 20),
(544, 3, '2025-10-29', '12:00:00', 1, 20),
(545, 3, '2025-10-29', '13:00:00', 1, 20),
(546, 3, '2025-10-29', '14:00:00', 1, 20),
(547, 3, '2025-10-29', '15:00:00', 1, 20),
(548, 3, '2025-10-29', '16:00:00', 1, 20),
(549, 3, '2025-10-29', '17:00:00', 1, 20),
(550, 3, '2025-10-30', '09:00:00', 1, 20),
(551, 3, '2025-10-30', '10:00:00', 1, 20),
(552, 3, '2025-10-30', '11:00:00', 1, 20),
(553, 3, '2025-10-30', '12:00:00', 1, 20),
(554, 3, '2025-10-30', '13:00:00', 1, 20),
(555, 3, '2025-10-30', '14:00:00', 1, 20),
(556, 3, '2025-10-30', '15:00:00', 1, 20),
(557, 3, '2025-10-30', '16:00:00', 1, 20),
(558, 3, '2025-10-30', '17:00:00', 1, 20),
(559, 3, '2025-10-31', '09:00:00', 1, 20),
(560, 3, '2025-10-31', '10:00:00', 1, 20),
(561, 3, '2025-10-31', '11:00:00', 1, 20),
(562, 3, '2025-10-31', '12:00:00', 1, 20),
(563, 3, '2025-10-31', '13:00:00', 1, 20),
(564, 3, '2025-10-31', '14:00:00', 1, 20),
(565, 3, '2025-10-31', '15:00:00', 1, 20),
(566, 3, '2025-10-31', '16:00:00', 1, 20),
(567, 3, '2025-10-31', '17:00:00', 1, 20),
(568, 3, '2025-11-01', '09:00:00', 1, 20),
(569, 3, '2025-11-01', '10:00:00', 1, 20),
(570, 3, '2025-11-01', '11:00:00', 1, 20),
(571, 3, '2025-11-01', '12:00:00', 1, 20),
(572, 3, '2025-11-01', '13:00:00', 1, 20),
(573, 3, '2025-11-01', '14:00:00', 1, 20),
(574, 3, '2025-11-01', '15:00:00', 1, 20),
(575, 3, '2025-11-01', '16:00:00', 1, 20),
(576, 3, '2025-11-01', '17:00:00', 1, 20),
(577, 3, '2025-11-03', '09:00:00', 1, 20),
(578, 3, '2025-11-03', '10:00:00', 1, 20),
(579, 3, '2025-11-03', '11:00:00', 1, 20),
(580, 3, '2025-11-03', '12:00:00', 1, 20),
(581, 3, '2025-11-03', '13:00:00', 1, 20),
(582, 3, '2025-11-03', '14:00:00', 1, 20),
(583, 3, '2025-11-03', '15:00:00', 1, 20),
(584, 3, '2025-11-03', '16:00:00', 1, 20),
(585, 3, '2025-11-03', '17:00:00', 1, 20),
(586, 3, '2025-11-04', '09:00:00', 1, 20),
(587, 3, '2025-11-04', '10:00:00', 1, 20),
(588, 3, '2025-11-04', '11:00:00', 1, 20),
(589, 3, '2025-11-04', '12:00:00', 1, 20),
(590, 3, '2025-11-04', '13:00:00', 1, 20),
(591, 3, '2025-11-04', '14:00:00', 1, 20),
(592, 3, '2025-11-04', '15:00:00', 1, 20),
(593, 3, '2025-11-04', '16:00:00', 1, 20),
(594, 3, '2025-11-04', '17:00:00', 1, 20),
(595, 3, '2025-11-05', '09:00:00', 1, 20),
(596, 3, '2025-11-05', '10:00:00', 1, 20),
(597, 3, '2025-11-05', '11:00:00', 1, 20),
(598, 3, '2025-11-05', '12:00:00', 1, 20),
(599, 3, '2025-11-05', '13:00:00', 1, 20),
(600, 3, '2025-11-05', '14:00:00', 1, 20),
(601, 3, '2025-11-05', '15:00:00', 1, 20),
(602, 3, '2025-11-05', '16:00:00', 1, 20),
(603, 3, '2025-11-05', '17:00:00', 1, 20),
(604, 3, '2025-11-06', '09:00:00', 1, 20),
(605, 3, '2025-11-06', '10:00:00', 1, 20),
(606, 3, '2025-11-06', '11:00:00', 1, 20),
(607, 3, '2025-11-06', '12:00:00', 1, 20),
(608, 3, '2025-11-06', '13:00:00', 1, 20),
(609, 3, '2025-11-06', '14:00:00', 1, 20),
(610, 3, '2025-11-06', '15:00:00', 1, 20),
(611, 3, '2025-11-06', '16:00:00', 1, 20),
(612, 3, '2025-11-06', '17:00:00', 1, 20),
(613, 3, '2025-11-07', '09:00:00', 1, 20),
(614, 3, '2025-11-07', '10:00:00', 1, 20),
(615, 3, '2025-11-07', '11:00:00', 1, 20),
(616, 3, '2025-11-07', '12:00:00', 1, 20),
(617, 3, '2025-11-07', '13:00:00', 1, 20),
(618, 3, '2025-11-07', '14:00:00', 1, 20),
(619, 3, '2025-11-07', '15:00:00', 1, 20),
(620, 3, '2025-11-07', '16:00:00', 1, 20),
(621, 3, '2025-11-07', '17:00:00', 1, 20),
(622, 3, '2025-11-08', '09:00:00', 1, 20),
(623, 3, '2025-11-08', '10:00:00', 1, 20),
(624, 3, '2025-11-08', '11:00:00', 1, 20),
(625, 3, '2025-11-08', '12:00:00', 1, 20),
(626, 3, '2025-11-08', '13:00:00', 1, 20),
(627, 3, '2025-11-08', '14:00:00', 1, 20),
(628, 3, '2025-11-08', '15:00:00', 1, 20),
(629, 3, '2025-11-08', '16:00:00', 1, 20),
(630, 3, '2025-11-08', '17:00:00', 1, 20),
(631, 3, '2025-11-10', '09:00:00', 1, 20),
(632, 3, '2025-11-10', '10:00:00', 1, 20),
(633, 3, '2025-11-10', '11:00:00', 1, 20),
(634, 3, '2025-11-10', '12:00:00', 1, 20),
(635, 3, '2025-11-10', '13:00:00', 1, 20),
(636, 3, '2025-11-10', '14:00:00', 1, 20),
(637, 3, '2025-11-10', '15:00:00', 1, 20),
(638, 3, '2025-11-10', '16:00:00', 1, 20),
(639, 3, '2025-11-10', '17:00:00', 1, 20),
(640, 3, '2025-11-11', '09:00:00', 1, 20),
(641, 3, '2025-11-11', '10:00:00', 1, 20),
(642, 3, '2025-11-11', '11:00:00', 1, 20),
(643, 3, '2025-11-11', '12:00:00', 1, 20),
(644, 3, '2025-11-11', '13:00:00', 1, 20),
(645, 3, '2025-11-11', '14:00:00', 1, 20),
(646, 3, '2025-11-11', '15:00:00', 1, 20),
(647, 3, '2025-11-11', '16:00:00', 1, 20),
(648, 3, '2025-11-11', '17:00:00', 1, 20),
(649, 3, '2025-11-12', '09:00:00', 1, 20),
(650, 3, '2025-11-12', '10:00:00', 1, 20),
(651, 3, '2025-11-12', '11:00:00', 1, 20),
(652, 3, '2025-11-12', '12:00:00', 1, 20),
(653, 3, '2025-11-12', '13:00:00', 1, 20),
(654, 3, '2025-11-12', '14:00:00', 1, 20),
(655, 3, '2025-11-12', '15:00:00', 1, 20),
(656, 3, '2025-11-12', '16:00:00', 1, 20),
(657, 3, '2025-11-12', '17:00:00', 1, 20),
(658, 3, '2025-11-13', '09:00:00', 1, 20),
(659, 3, '2025-11-13', '10:00:00', 1, 20),
(660, 3, '2025-11-13', '11:00:00', 1, 20),
(661, 3, '2025-11-13', '12:00:00', 1, 20),
(662, 3, '2025-11-13', '13:00:00', 1, 20),
(663, 3, '2025-11-13', '14:00:00', 1, 20),
(664, 3, '2025-11-13', '15:00:00', 1, 20),
(665, 3, '2025-11-13', '16:00:00', 1, 20),
(666, 3, '2025-11-13', '17:00:00', 1, 20),
(667, 3, '2025-11-14', '09:00:00', 1, 20),
(668, 3, '2025-11-14', '10:00:00', 1, 20),
(669, 3, '2025-11-14', '11:00:00', 1, 20),
(670, 3, '2025-11-14', '12:00:00', 1, 20),
(671, 3, '2025-11-14', '13:00:00', 1, 20),
(672, 3, '2025-11-14', '14:00:00', 1, 20),
(673, 3, '2025-11-14', '15:00:00', 1, 20),
(674, 3, '2025-11-14', '16:00:00', 1, 20),
(675, 3, '2025-11-14', '17:00:00', 1, 20),
(676, 3, '2025-11-15', '09:00:00', 1, 20),
(677, 3, '2025-11-15', '10:00:00', 1, 20),
(678, 3, '2025-11-15', '11:00:00', 1, 20),
(679, 3, '2025-11-15', '12:00:00', 1, 20),
(680, 3, '2025-11-15', '13:00:00', 1, 20),
(681, 3, '2025-11-15', '14:00:00', 1, 20),
(682, 3, '2025-11-15', '15:00:00', 1, 20),
(683, 3, '2025-11-15', '16:00:00', 1, 20),
(684, 3, '2025-11-15', '17:00:00', 1, 20),
(685, 3, '2025-11-17', '09:00:00', 1, 20),
(686, 3, '2025-11-17', '10:00:00', 1, 20),
(687, 3, '2025-11-17', '11:00:00', 1, 20),
(688, 3, '2025-11-17', '12:00:00', 1, 20),
(689, 3, '2025-11-17', '13:00:00', 1, 20),
(690, 3, '2025-11-17', '14:00:00', 1, 20),
(691, 3, '2025-11-17', '15:00:00', 1, 20),
(692, 3, '2025-11-17', '16:00:00', 1, 20),
(693, 3, '2025-11-17', '17:00:00', 1, 20),
(694, 3, '2025-11-18', '09:00:00', 1, 20),
(695, 3, '2025-11-18', '10:00:00', 1, 20),
(696, 3, '2025-11-18', '11:00:00', 1, 20),
(697, 3, '2025-11-18', '12:00:00', 1, 20),
(698, 3, '2025-11-18', '13:00:00', 1, 20),
(699, 3, '2025-11-18', '14:00:00', 1, 20),
(700, 3, '2025-11-18', '15:00:00', 1, 20),
(701, 3, '2025-11-18', '16:00:00', 1, 20),
(702, 3, '2025-11-18', '17:00:00', 1, 20);

-- --------------------------------------------------------

--
-- Table structure for table `tbl_ingredients`
--

CREATE TABLE `tbl_ingredients` (
  `ingredients_id` int(11) NOT NULL,
  `ingredient_name` varchar(255) NOT NULL
) ENGINE=InnoDB DEFAULT CHARSET=utf8mb4 COLLATE=utf8mb4_general_ci;

--
-- Dumping data for table `tbl_ingredients`
--

INSERT INTO `tbl_ingredients` (`ingredients_id`, `ingredient_name`) VALUES
(1, 'Salicylic Acid'),
(2, 'Niacinamide'),
(3, 'Glycolic Acid'),
(4, 'Retinol'),
(5, 'Vitamin C');

-- --------------------------------------------------------

--
-- Table structure for table `tbl_item_reviews`
--

CREATE TABLE `tbl_item_reviews` (
  `rv_id` int(11) NOT NULL,
  `prod_id` int(11) NOT NULL,
  `rv_comment` varchar(255) NOT NULL,
  `rating` int(5) NOT NULL,
  `rv_date` date NOT NULL DEFAULT current_timestamp(),
  `ac_id` int(11) NOT NULL
) ENGINE=InnoDB DEFAULT CHARSET=utf8mb4 COLLATE=utf8mb4_general_ci;

--
-- Dumping data for table `tbl_item_reviews`
--

INSERT INTO `tbl_item_reviews` (`rv_id`, `prod_id`, `rv_comment`, `rating`, `rv_date`, `ac_id`) VALUES
(1, 3, 'dwaddawd', 3, '2024-12-10', 5),
(2, 3, 'okane kase kyu oraewa wasta', 3, '2024-12-10', 5),
(3, 3, 'this is so cool bro', 3, '2024-12-10', 5),
(4, 6, 'so good ', 4, '2024-12-10', 5),
(5, 3, 'wow', 3, '2024-12-10', 5),
(6, 3, 'So wonderfully good sarap sa balat yah', 4, '2024-12-10', 1),
(7, 11, 'Damn so good', 3, '2024-12-10', 1),
(8, 5, 'damn son so good', 1, '2024-12-10', 1),
(9, 5, 'damn son', 1, '2024-12-10', 1),
(10, 1, 'potato ', 3, '2024-12-10', 4),
(11, 12, '3 ', 3, '2024-12-10', 4),
(12, 1, 'jhjhjhjh', 4, '2024-12-11', 1),
(13, 1, 'dwadaw', 4, '2024-12-11', 1),
(14, 10, 'asda', 5, '2025-10-19', 8),
(15, 1, 'asdsa', 5, '2025-10-21', 12);

-- --------------------------------------------------------

--
-- Table structure for table `tbl_order_vouchers`
--

CREATE TABLE `tbl_order_vouchers` (
  `order_voucher_id` int(11) NOT NULL,
  `receipt_id` int(11) NOT NULL,
  `voucher_id` int(11) NOT NULL,
  `discount_amount` decimal(10,2) NOT NULL,
  `applied_date` timestamp NOT NULL DEFAULT current_timestamp()
) ENGINE=InnoDB DEFAULT CHARSET=utf8mb4 COLLATE=utf8mb4_general_ci;

-- --------------------------------------------------------

--
-- Table structure for table `tbl_page_reviews`
--

CREATE TABLE `tbl_page_reviews` (
  `review_id` int(11) NOT NULL,
  `account_id` int(11) NOT NULL,
  `review_title` varchar(100) NOT NULL,
  `rating` decimal(2,1) NOT NULL,
  `review_text` text NOT NULL,
  `reviewer_image` varchar(255) DEFAULT NULL,
  `is_verified` tinyint(1) DEFAULT 0,
  `status` enum('pending','approved','rejected') DEFAULT 'pending',
  `created_at` timestamp NOT NULL DEFAULT current_timestamp()
) ENGINE=InnoDB DEFAULT CHARSET=utf8mb4 COLLATE=utf8mb4_general_ci;

--
-- Dumping data for table `tbl_page_reviews`
--

INSERT INTO `tbl_page_reviews` (`review_id`, `account_id`, `review_title`, `rating`, `review_text`, `reviewer_image`, `is_verified`, `status`, `created_at`) VALUES
(3, 12, 'Wow', 4.0, 'asdsadsaadsasaaasdsadsaadsasaaasdsadsaadsasaaasdsadsaadsasaaasdsadsaadsasaaasdsadsaadsasaaasdsadsaadsasaaasdsadsaadsasaa', '6909e76001137.png', 0, 'approved', '2025-11-04 11:46:59'),
(4, 12, 'None', 4.0, 'adasdadadadadadasdasdadadadasdadasdasdasdasdasdasadasdadadadadadasdasdadadadasdadasdasdasdasdasdasadasdadadadadadasdasdadadadasdadasdasdasdasdasdasadasdadadadadadasdasdadadadasdadasdasdasdasdasdasadasdadadadadadasdasdadadadasdadasdasdasdasdasdasadasdadadadadadasdasdadadadasdadasdasdasdasdasdasadasdadadadadadasdasdadadadasdadasdasdasdasdasdasadasdadadadadadasdasdadadadasdadasdasdasdasdasdasadasdadadadadadasdasdadadadasdadasdasdasdasdasdasadasdadadadadadasdasdadadadasdadasdasdasdasdasdasadasdadadadadadasdasdadadadasdadasdasdasdasdasdasadasdadadadadadasdasdadadadasdadasdasdasdasdasdas', '6909e76001137.png', 0, 'approved', '2025-11-23 07:07:36'),
(5, 12, 'None', 3.0, 'asdasdaasadasdsaasdasdaasadasdsaasdasdaasadasdsaasdasdaasadasdsaasdasdaasadasdsaasdasdaasadasdsaasdasdaasadasdsaasdasdaasadasdsaasdasdaasadasdsaasdasdaasadasdsaasdasdaasadasdsaasdasdaasadasdsaasdasdaasadasdsaasdasdaasadasdsaasdasdaasadasdsaasdasdaasadasdsaasdasdaasadasdsa', '6909e76001137.png', 0, 'approved', '2025-11-23 07:33:16'),
(6, 12, 'None', 3.0, 'asdasdaasadasdsaasdasdaasadasdsaasdasdaasadasdsaasdasdaasadasdsaasdasdaasadasdsaasdasdaasadasdsaasdasdaasadasdsaasdasdaasadasdsaasdasdaasadasdsaasdasdaasadasdsaasdasdaasadasdsaasdasdaasadasdsaasdasdaasadasdsaasdasdaasadasdsaasdasdaasadasdsaasdasdaasadasdsaasdasdaasadasdsa', '6909e76001137.png', 0, 'approved', '2025-11-23 07:33:24'),
(7, 12, 'None', 3.0, 'asdasdaasadasdsaasdasdaasadasdsaasdasdaasadasdsaasdasdaasadasdsaasdasdaasadasdsaasdasdaasadasdsaasdasdaasadasdsaasdasdaasadasdsaasdasdaasadasdsaasdasdaasadasdsaasdasdaasadasdsaasdasdaasadasdsaasdasdaasadasdsaasdasdaasadasdsaasdasdaasadasdsaasdasdaasadasdsaasdasdaasadasdsa', '6909e76001137.png', 0, 'approved', '2025-11-23 07:33:31');

-- --------------------------------------------------------

--
-- Table structure for table `tbl_payment_type`
--

CREATE TABLE `tbl_payment_type` (
  `payment_type_id` int(11) NOT NULL,
  `payment_type` varchar(50) NOT NULL
) ENGINE=InnoDB DEFAULT CHARSET=utf8mb4 COLLATE=utf8mb4_general_ci;

--
-- Dumping data for table `tbl_payment_type`
--

INSERT INTO `tbl_payment_type` (`payment_type_id`, `payment_type`) VALUES
(1, 'gcash'),
(2, 'cash');

-- --------------------------------------------------------

--
-- Table structure for table `tbl_products`
--

CREATE TABLE `tbl_products` (
  `prod_id` int(11) NOT NULL,
  `prod_name` varchar(255) NOT NULL,
  `prod_price` int(11) NOT NULL,
  `prod-short-desc` varchar(255) NOT NULL,
  `prod_description` text NOT NULL,
  `concern_id` int(11) NOT NULL,
  `ingredients_id` int(11) NOT NULL,
  `prod_stocks` int(11) NOT NULL,
  `prod_discount` int(11) NOT NULL,
  `prod_img` varchar(255) NOT NULL,
  `prod_hover_img` varchar(255) CHARACTER SET utf8mb4 COLLATE utf8mb4_general_nopad_ci NOT NULL
) ENGINE=InnoDB DEFAULT CHARSET=utf8mb4 COLLATE=utf8mb4_general_ci;

--
-- Dumping data for table `tbl_products`
--

INSERT INTO `tbl_products` (`prod_id`, `prod_name`, `prod_price`, `prod-short-desc`, `prod_description`, `concern_id`, `ingredients_id`, `prod_stocks`, `prod_discount`, `prod_img`, `prod_hover_img`) VALUES
(1, 'Acne Refining Foaming Cleanser', 500, 'Deep Cleansing | Reduces Breakouts', 'DermSignal Acne Refining Foaming Cleanser has a synergistic blend of Iris, Zinc, Vitamin A, and Niacinamide designed for oily and acne prone skin. It helps in reducing sebum production and acne breakouts.', 3, 2, 44, 20, 'prod-1-ref-cleanser.png', 'prod-1-ref-cleanser-hover.png'),
(2, 'Acne Refining Gel', 260, 'Targets Acne | Controls Oil Production', 'DermSignal Acne Refining Gel is a water-based gel that has a synergistic blend of Iris, Zinc, Vitamin A, and Niacinamide designed for oily and acne prone skin. It helps in reducing sebum production and acne breakouts.', 1, 4, 50, 10, 'prod-2-ref-gel.png', 'prod-2-ref-gel-hover'),
(3, 'Acne Refining Spot Corrector', 300, 'Precision Treatment | Reduces Pimples Fast', 'DermSignal Acne Refining Spot Corrector is a serum that has a synergistic blend of Iris, Zinc, Vitamin A, Niacinamide, and Salicylic Acid designed for oily and acne prone skin. It helps in reducing sebum production and acne breakouts.', 1, 2, 50, 10, 'prod-3-ref-spot.png', 'prod-3-ref-spot-hover.png'),
(4, 'Acne Refining Toner', 450, 'Balances Skin | Minimizes Pores', 'A DermSignal Acne Refining Toner is an alcohol-free toner that has a synergistic blend of Iris, Zinc, Vitamin A, and Niacinamide designed for oily and acne prone skin.\r\nIt helps in reducing sebum production and acne breakouts.', 1, 1, 49, 10, 'prod-4-ref-toner.png', 'prod-4-ref-toner-hover.png'),
(5, 'Skin Renewal Foaming Cleanser', 460, 'Gentle Cleansing | Refreshes & Revives Skin', 'DermSignal Skin Renewal Foaming Cleanser contains salicylic acid that helps hydrate, remove dirt and excess oil on the face.', 3, 1, 50, 10, 'prod-5-renew-cleanser.png', 'prod-5-renew-cleanser-hover.png'),
(6, 'Skin Renewal Creme', 500, 'Nourishing Hydration | Restores Skin\'s Radiance', 'DermSignal Skin Renewal Creme contains natural AHAs that help increase the production of collagen and glycosaminoglycan that are responsible for reducing surface wrinkles, fine lines, and smoothen rough skin.', 2, 3, 50, 10, 'prod-6-renew-cream.png', 'prod-6-renew-cream-hover.png'),
(7, 'Skin Renewal Fruit Mix Booster', 340, 'Revitalizing Formula | Boosts Skin Glow', 'DermSignal Skin Renewal Fruit Mix Booster contains natural AHAs. This product helps increase the production of collagen and glycosaminoglycan that are responsible for reducing surface wrinkles, fine lines, and smoothens rough skin.', 2, 5, 49, 10, 'prod-7-renew-spot.png', 'prod-7-renew-spot-hover.png'),
(8, 'Skin Renewal Tonic', 600, 'Refreshing Toner | Rejuvenates & Hydrates Skin', 'DermSignal Skin Renewal Tonic contains natural AHAs. This product helps increase the production of collagen and glycosaminoglycan that are responsible for reducing surface wrinkles, fine lines, and smoothens rough skin.', 2, 4, 49, 10, 'prod-8-renew-toner.png', 'prod-8-renew-toner-hover.png'),
(9, 'Skin Lightening Soap', 300, 'Brightening Formula | Evens Skin Tone', 'DermSignal Skin Lightening Soap harnesses the power of Vitamin C, a potent antioxidant known for its brightening and skin-tone-evening properties. This gentle formula helps reduce the appearance of dark spots, leaving your skin looking radiant, smooth, an', 4, 5, 50, 10, 'prod-9-light-soap.png', 'prod-9-light-soap-hover.png'),
(10, 'Skin Lightening Night Booster', 650, 'Overnight Brightening | Reduces Dark Spots', 'DermSignal Skin Lightening Night Booster is enriched with Glycolic Acid, a powerful exfoliant that helps fade dark spots, even out skin tone, and promote a brighter, smoother complexion. Wake up to revitalized, glowing skin as it works overnight to reveal', 4, 3, 50, 15, 'prod-10-light-spot.png', 'prod-10-light-spot-hover.png'),
(11, 'Skin Lightening Toner', 475, 'Clarifying Formula | Evens Skin Tone', 'DermSignal Skin Lightening Toner combines the brightening power of Vitamin C with the exfoliating benefits of Glycolic Acid to gently cleanse, even out skin tone, and reduce the appearance of dark spots. Achieve a refreshed, radiant complexion with this d', 4, 5, 50, 10, 'prod-11-light-toner.png', 'prod-11-light-toner-hover.png'),
(12, '[Rx] TREVISO Isotretinoin 10mg (Box of 30s)', 1500, 'Clear Skin Treatment | Reduces Severe Acne', 'An established prescription acne medication that deactivates hyperactive oil glands: the center of acne pathology. Correct dosing and treatment protocols may give an 80% chance of cure. Ideal for patients who have recurring acne and do not respond to diff', 1, 4, 50, 20, 'prod-12-iso.webp', 'prod-12-iso-hover.webp'),
(13, '[Rx] ACRESIL Clindamycin Capsule 300mg (28s)', 560, 'Bacterial Infection Treatment | Effective Antibiotic', '\r\n[Rx] ACRESIL Clindamycin 300mg (28s) is an antibiotic for treating bacterial infections, including skin, respiratory, and bone infections. Use as prescribed by your healthcare provider.', 1, 4, 50, 10, 'prod-13-acresil.jpg', 'prod-13-acre-hover.webp'),
(14, '[Rx] Betamethasone Valerate 1mg/g 0.1% (w/w) Topical Cream 15g', 380, 'Inflammation Relief | Reduces Skin Redness & Itching', '[Rx] Betamethasone Valerate 0.1% Topical Cream (15g) is a corticosteroid used to relieve inflammation, redness, and itching associated with skin conditions like eczema and psoriasis. Apply as directed by your healthcare provider.', 4, 3, 50, 10, 'prod-14-beta.webp', 'prod-14-beta-hover.webp'),
(15, '[Rx] PIDCLIN Doxycycline Capsule 100mg', 720, 'Broad-Spectrum Antibiotic | Treats Bacterial Infections', '[Rx] PIDCLIN Doxycycline 100mg Capsule is an antibiotic used to treat various bacterial infections, including respiratory, skin, and urinary tract infections. It also treats acne and certain sexually transmitted infections. Use as prescribed by your healt', 1, 4, 49, 10, 'prod-15-doxy.webp', 'prod-15-doxy-hover.webp'),
(16, 'BatongBakalHydrocloride', 200, '', '', 4, 2, 50, 0, '6757fddbe5dfb.jpeg', ''),
(17, 'BatongBakalHydrocloride', 200, '', '', 2, 3, 50, 0, '675955629fb47.jpeg', '');

-- --------------------------------------------------------

--
-- Table structure for table `tbl_prod_bestseller`
--

CREATE TABLE `tbl_prod_bestseller` (
  `prod_id` int(11) NOT NULL,
  `prod_name` varchar(255) NOT NULL,
  `prod_price` int(11) NOT NULL,
  `prod-short-desc` varchar(255) NOT NULL,
  `prod_description` text NOT NULL,
  `concern_id` int(11) NOT NULL,
  `ingredients_id` int(11) NOT NULL,
  `prod_stocks` int(11) NOT NULL,
  `prod_discount` int(11) NOT NULL,
  `prod_img` varchar(255) NOT NULL,
  `prod_hover_img` varchar(255) CHARACTER SET utf8mb4 COLLATE utf8mb4_general_nopad_ci NOT NULL
) ENGINE=InnoDB DEFAULT CHARSET=utf8mb4 COLLATE=utf8mb4_general_ci;

--
-- Dumping data for table `tbl_prod_bestseller`
--

INSERT INTO `tbl_prod_bestseller` (`prod_id`, `prod_name`, `prod_price`, `prod-short-desc`, `prod_description`, `concern_id`, `ingredients_id`, `prod_stocks`, `prod_discount`, `prod_img`, `prod_hover_img`) VALUES
(1, 'Acne Refining Foaming Cleanser', 500, 'Deep Cleansing | Reduces Breakouts', 'DermSignal Acne Refining Foaming Cleanser has a synergistic blend of Iris, Zinc, Vitamin A, and Niacinamide designed for oily and acne prone skin. It helps in reducing sebum production and acne breakouts.', 3, 2, 50, 20, 'prod-1-ref-cleanser.png', 'prod-1-ref-cleanser-hover.png'),
(3, 'Acne Refining Spot Corrector', 300, 'Precision Treatment | Reduces Pimples Fast', 'DermSignal Acne Refining Spot Corrector is a serum that has a synergistic blend of Iris, Zinc, Vitamin A, Niacinamide, and Salicylic Acid designed for oily and acne prone skin. It helps in reducing sebum production and acne breakouts.', 1, 2, 50, 10, 'prod-3-ref-spot.png', 'prod-3-ref-spot-hover.png'),
(6, 'Skin Renewal Creme', 500, 'Nourishing Hydration | Restores Skin\'s Radiance', 'DermSignal Skin Renewal Creme contains natural AHAs that help increase the production of collagen and glycosaminoglycan that are responsible for reducing surface wrinkles, fine lines, and smoothen rough skin.', 2, 3, 50, 10, 'prod-6-renew-cream.png', 'prod-6-renew-cream-hover.webp'),
(7, 'Skin Renewal Fruit Mix Booster', 340, 'Revitalizing Formula | Boosts Skin Glow', 'DermSignal Skin Renewal Fruit Mix Booster contains natural AHAs. This product helps increase the production of collagen and glycosaminoglycan that are responsible for reducing surface wrinkles, fine lines, and smoothens rough skin.', 2, 5, 50, 10, 'prod-7-renew-spot.png', 'prod-7-renew-spot-hover.png'),
(11, 'Skin Lightening Toner', 475, 'Clarifying Formula | Evens Skin Tone', 'DermSignal Skin Lightening Toner combines the brightening power of Vitamin C with the exfoliating benefits of Glycolic Acid to gently cleanse, even out skin tone, and reduce the appearance of dark spots. Achieve a refreshed, radiant complexion with this d', 4, 5, 50, 10, 'prod-11-light-toner.png', 'prod-11-light-toner-hover.png'),
(12, '[Rx] TREVISO Isotretinoin 10mg (Box of 30s)', 1500, 'Clear Skin Treatment | Reduces Severe Acne', 'An established prescription acne medication that deactivates hyperactive oil glands: the center of acne pathology. Correct dosing and treatment protocols may give an 80% chance of cure. Ideal for patients who have recurring acne and do not respond to diff', 1, 4, 50, 20, 'prod-12-iso.webp', 'prod-12-iso-hover.webp'),
(13, '[Rx] ACRESIL Clindamycin Capsule 300mg (28s)', 560, 'Bacterial Infection Treatment | Effective Antibiotic', '\r\n[Rx] ACRESIL Clindamycin 300mg (28s) is an antibiotic for treating bacterial infections, including skin, respiratory, and bone infections. Use as prescribed by your healthcare provider.', 1, 4, 50, 10, 'prod-13-acresil.jpg', 'prod-13-acre-hover.webp'),
(15, '[Rx] PIDCLIN Doxycycline Capsule 100mg', 720, 'Broad-Spectrum Antibiotic | Treats Bacterial Infections', '[Rx] PIDCLIN Doxycycline 100mg Capsule is an antibiotic used to treat various bacterial infections, including respiratory, skin, and urinary tract infections. It also treats acne and certain sexually transmitted infections. Use as prescribed by your healt', 1, 4, 50, 10, 'prod-15-doxy.webp', 'prod-15-doxy.webp');

-- --------------------------------------------------------

--
-- Table structure for table `tbl_prod_newarrivals`
--

CREATE TABLE `tbl_prod_newarrivals` (
  `prod_id` int(11) NOT NULL,
  `prod_name` varchar(255) NOT NULL,
  `prod_price` int(11) NOT NULL,
  `prod-short-desc` varchar(255) NOT NULL,
  `prod_description` text NOT NULL,
  `concern_id` int(11) NOT NULL,
  `ingredients_id` int(11) NOT NULL,
  `prod_stocks` int(11) NOT NULL,
  `prod_discount` int(11) NOT NULL,
  `prod_img` varchar(255) NOT NULL,
  `prod_hover_img` varchar(255) CHARACTER SET utf8mb4 COLLATE utf8mb4_general_nopad_ci NOT NULL
) ENGINE=InnoDB DEFAULT CHARSET=utf8mb4 COLLATE=utf8mb4_general_ci;

--
-- Dumping data for table `tbl_prod_newarrivals`
--

INSERT INTO `tbl_prod_newarrivals` (`prod_id`, `prod_name`, `prod_price`, `prod-short-desc`, `prod_description`, `concern_id`, `ingredients_id`, `prod_stocks`, `prod_discount`, `prod_img`, `prod_hover_img`) VALUES
(2, 'Acne Refining Gel', 260, 'Targets Acne | Controls Oil Production', 'DermSignal Acne Refining Gel is a water-based gel that has a synergistic blend of Iris, Zinc, Vitamin A, and Niacinamide designed for oily and acne prone skin. It helps in reducing sebum production and acne breakouts.', 1, 4, 50, 10, 'prod-2-ref-gel.png', 'prod-2-ref-gel-hover'),
(4, 'Acne Refining Toner', 450, 'Balances Skin | Minimizes Pores', 'A DermSignal Acne Refining Toner is an alcohol-free toner that has a synergistic blend of Iris, Zinc, Vitamin A, and Niacinamide designed for oily and acne prone skin.\r\nIt helps in reducing sebum production and acne breakouts.', 1, 1, 50, 10, 'prod-4-ref-toner.png', 'prod-4-ref-toner-hover.png'),
(5, 'Skin Renewal Foaming Cleanser', 460, 'Gentle Cleansing | Refreshes & Revives Skin', 'DermSignal Skin Renewal Foaming Cleanser contains salicylic acid that helps hydrate, remove dirt and excess oil on the face.', 3, 1, 50, 10, 'prod-5-renew-cleanser.png', 'prod-5-renew-cleanser-hover.png'),
(7, 'Skin Renewal Fruit Mix Booster', 340, 'Revitalizing Formula | Boosts Skin Glow', 'DermSignal Skin Renewal Fruit Mix Booster contains natural AHAs. This product helps increase the production of collagen and glycosaminoglycan that are responsible for reducing surface wrinkles, fine lines, and smoothens rough skin.', 2, 5, 50, 10, 'prod-7-renew-spot.png', 'prod-7-renew-spot-hover.png'),
(9, 'Skin Lightening Soap', 300, 'Brightening Formula | Evens Skin Tone', 'DermSignal Skin Lightening Soap harnesses the power of Vitamin C, a potent antioxidant known for its brightening and skin-tone-evening properties. This gentle formula helps reduce the appearance of dark spots, leaving your skin looking radiant, smooth, an', 4, 5, 50, 10, 'prod-9-light-soap.png', 'prod-9-light-soap-hover.png'),
(10, 'Skin Lightening Night Booster', 650, 'Overnight Brightening | Reduces Dark Spots', 'DermSignal Skin Lightening Night Booster is enriched with Glycolic Acid, a powerful exfoliant that helps fade dark spots, even out skin tone, and promote a brighter, smoother complexion. Wake up to revitalized, glowing skin as it works overnight to reveal', 4, 3, 50, 15, 'prod-10-light-spot.png', 'prod-10-light-spot-hover.png'),
(11, 'Skin Lightening Toner', 475, 'Clarifying Formula | Evens Skin Tone', 'DermSignal Skin Lightening Toner combines the brightening power of Vitamin C with the exfoliating benefits of Glycolic Acid to gently cleanse, even out skin tone, and reduce the appearance of dark spots. Achieve a refreshed, radiant complexion with this d', 4, 5, 50, 10, 'prod-11-light-toner.png', 'prod-11-light-toner-hover.png');

-- --------------------------------------------------------

--
-- Table structure for table `tbl_ratings`
--

CREATE TABLE `tbl_ratings` (
  `id` int(11) NOT NULL,
  `account_id` int(11) NOT NULL,
  `product_id` int(11) NOT NULL,
  `rating` int(11) NOT NULL CHECK (`rating` between 1 and 5)
) ENGINE=InnoDB DEFAULT CHARSET=utf8mb4 COLLATE=utf8mb4_general_ci;

-- --------------------------------------------------------

--
-- Table structure for table `tbl_receipt`
--

CREATE TABLE `tbl_receipt` (
  `receipt_id` int(11) NOT NULL,
  `account_id` int(11) NOT NULL,
  `receipt_img` varchar(255) NOT NULL,
  `receipt_number` varchar(50) NOT NULL,
  `deposit_amount` int(11) NOT NULL,
  `uploaded_date` date NOT NULL
) ENGINE=InnoDB DEFAULT CHARSET=utf8mb4 COLLATE=utf8mb4_general_ci;

--
-- Dumping data for table `tbl_receipt`
--

INSERT INTO `tbl_receipt` (`receipt_id`, `account_id`, `receipt_img`, `receipt_number`, `deposit_amount`, `uploaded_date`) VALUES
(1, 4, '6758ec27af450.jpeg', '2332323232176', 3000, '2024-12-11'),
(2, 4, '6758eedbb6917.jpeg', '2332323232176', 3000, '2024-12-11'),
(3, 4, '6758fd69d8467.jpeg', '2332323232176', 1760, '2024-12-11'),
(4, 4, '6758fddbd8a7a.jpeg', '2332323232176', 100, '2024-12-11'),
(5, 4, '675900317d407.jpeg', '2332323232176', 500, '2024-12-11'),
(6, 2, '6759025f2eada.jpeg', '2332323232171', 1760, '2024-12-11'),
(7, 2, '67590bc02f2ce.jpeg', '1222312311331', 3000, '2024-12-11'),
(8, 1, '675915a0ebd77.jpeg', '2332323232171', 1760, '2024-12-11'),
(9, 4, '675926d22d7ba.jpeg', '2332323232176', 1760, '2024-12-11'),
(10, 4, '67592719eaa62.jpeg', '2332323232176', 3000, '2024-12-11'),
(11, 4, '675927ffc19da.jpeg', '2332323232171', 3000, '2024-12-11'),
(12, 4, '67592a5c27ea4.jpeg', '2332323232176', 1760, '2024-12-11'),
(13, 2, '67595422b6619.jpeg', '2332323232171', 3000, '2024-12-11'),
(14, 12, '68f71942cd7e3.jpg', '3212313131313', 847, '2025-10-21'),
(15, 12, '68f721e2d038c.png', '2134214213111', 252, '2025-10-21'),
(16, 12, '68f7238750189.jpg', '3212313131313', 346, '2025-10-21'),
(17, 12, '68f726e390fb8.png', '3212313131313', 336, '2025-10-21'),
(18, 12, '69344ac2acf2e.jpeg', '3212313131313', 1333, '2025-12-06'),
(19, 12, '693455faaf909.jpeg', '3214123231321', 890, '2025-12-06'),
(20, 12, '693acc690fcc3.png', '3212313131313', 940, '2025-12-11');

-- --------------------------------------------------------

--
-- Table structure for table `tbl_role`
--

CREATE TABLE `tbl_role` (
  `role_Id` int(11) NOT NULL,
  `role_name` varchar(255) NOT NULL
) ENGINE=InnoDB DEFAULT CHARSET=utf8mb4 COLLATE=utf8mb4_general_ci;

--
-- Dumping data for table `tbl_role`
--

INSERT INTO `tbl_role` (`role_Id`, `role_name`) VALUES
(1, 'user'),
(2, 'admin'),
(3, 'dermatologist');

-- --------------------------------------------------------

--
-- Table structure for table `tbl_services`
--

CREATE TABLE `tbl_services` (
  `service_id` int(11) NOT NULL,
  `service_name` varchar(100) NOT NULL,
  `service_price` float NOT NULL,
  `sessions` int(11) NOT NULL,
  `procedure_benefits` varchar(255) NOT NULL,
  `service_group` varchar(50) NOT NULL,
  `service_image` varchar(255) DEFAULT NULL
) ENGINE=InnoDB DEFAULT CHARSET=utf8mb4 COLLATE=utf8mb4_general_ci;

--
-- Dumping data for table `tbl_services`
--

INSERT INTO `tbl_services` (`service_id`, `service_name`, `service_price`, `sessions`, `procedure_benefits`, `service_group`, `service_image`) VALUES
(1, 'Consultation', 500, 5, 'Dermatologic evaluation and professional treatment recommendations.', 'Consultation', 'the_web_developer_bootcamp_2025.png'),
(2, 'Acne Facial', 500, 5, 'Reduces inflammation, treats acne, and deeply cleanses the skin to prevent future breakouts.', 'Facial Services', ''),
(3, 'Whitening Facial', 500, 5, 'Brightens and evens out skin tone for a radiant complexion.', 'Facial Services', ''),
(4, 'Anti-Aging Facial', 500, 5, 'Reduces wrinkles and fine lines for youthful, firm skin.', 'Facial Services', ''),
(5, 'Gold Facial', 500, 5, 'Uses gold-infused products to rejuvenate and revitalize the skin.', 'Facial Services', ''),
(6, 'Pore Minimizing Facial', 500, 5, 'Tightens and reduces the appearance of large pores for smoother skin.', 'Facial Services', ''),
(7, 'Diamond Peel Facial', 700, 5, 'Exfoliates using diamond-tipped tools to remove dead skin cells and improve texture.', 'Facial Services', ''),
(8, 'Hydra Facial', 2500, 5, 'Combines cleansing, exfoliation, extraction, hydration, and antioxidant protection for clear, hydrated skin.', 'Facial Services', ''),
(9, 'Geneo Facial', 2500, 5, 'Uses Oxygeneo technology to exfoliate, infuse, and oxygenate the skin for a glowing complexion.', 'Facial Services', ''),
(10, 'Jet Peel', 1500, 5, 'A non-invasive treatment that exfoliates and hydrates the skin using a jet of air and liquid.', 'Facial Services', ''),
(11, 'Whitening Drip', 2500, 5, 'Brightens the skin and promotes an even complexion.', 'DRIPS', ''),
(12, 'Anti-Aging Drip', 2500, 5, 'Improves skin elasticity and reduces signs of aging with antioxidants and nutrients.', 'DRIPS', ''),
(13, 'Slimming Drip', 2500, 5, 'Boosts metabolism and supports detoxification for weight management.', 'DRIPS', ''),
(14, 'IV Push', 1500, 5, 'Delivers concentrated vitamins directly into the bloodstream for quick rejuvenation.', 'DRIPS', ''),
(15, 'PRP Hair Regrow & Service', 10000, 5, 'Uses platelet-rich plasma to stimulate hair growth, strengthen follicles, and improve scalp health.', 'PRP Hair Treatment', ''),
(16, 'Tattoo Removal', 2500, 5, 'Safely removes unwanted tattoos using laser technology.', 'Q Laser Services', ''),
(17, 'Vitiligo Paramedical Tattoo', 20000, 5, 'Camouflages depigmented areas using natural skin-tone pigments.', 'Dermatologic Services', ''),
(18, 'Stretch Marks Paramedical Tattoo', 20000, 5, 'Covers and blends stretch marks to match the surrounding skin.', 'Dermatologic Services', ''),
(19, 'Nose Augmentation', 20000, 5, 'Enhances the shape and contour of the nose for improved facial harmony.', 'Dermatologic Services', ''),
(20, 'Sclerotherapy', 3000, 5, 'Treats varicose and spider veins by injecting a solution that collapses them.', 'Dermatologic Services', ''),
(21, 'Pimple Injection', 100, 5, 'Reduces inflammation in cystic acne with corticosteroid injections.', 'Dermatologic Services', ''),
(22, 'Keloid Injections', 1000, 5, 'Shrinks keloid scars using corticosteroids.', 'Dermatologic Services', ''),
(23, 'COGS or Threads', 20000, 5, 'Tightens sagging skin using specialized lifting threads.', 'Dermatologic Services', ''),
(24, 'Warts Removal', 3500, 5, 'Removes warts safely and effectively using dermatologic techniques.', 'Dermatologic Services', ''),
(25, 'Facenade', 5000, 5, 'Firming and rejuvenation treatment for the face.', 'Dermatologic Services', ''),
(26, 'Firming Treatment', 5000, 5, 'Tightens and firms the skin for a more youthful appearance.', 'Dermatologic Services', ''),
(27, 'V Dissolve', 2500, 5, 'Targets and reduces fat deposits for a more contoured appearance.', 'Dermatologic Services', ''),
(28, 'Fillers', 22000, 5, 'Adds volume and smooths out facial lines for a refreshed appearance.', 'Dermatologic Services', ''),
(29, 'Profhilo', 30000, 5, 'Hydrates and remodels aging skin using injectable hyaluronic acid.', 'Dermatologic Services', ''),
(30, 'Botox', 350, 5, 'Reduces fine lines and wrinkles by temporarily relaxing facial muscles.', 'Dermatologic Services', ''),
(31, 'HIFU - Face', 10000, 5, 'Tightens and lifts the skin using ultrasound energy.', 'HIFU', ''),
(32, 'HIFU - Face & Neck', 12000, 5, 'Firms and lifts both facial and neck areas.', 'HIFU', ''),
(33, 'HIFU - Arms', 10000, 5, 'Tones and tightens arm skin.', 'HIFU', ''),
(34, 'HIFU - Abdomen', 13000, 5, 'Firms and sculpts the abdominal area.', 'HIFU', ''),
(35, 'HIFU - Waist', 10000, 5, 'Reduces and tightens skin around the waist.', 'HIFU', ''),
(36, 'HIFU - Thighs', 15000, 5, 'Tightens and firms the thigh area.', 'HIFU', '');

-- --------------------------------------------------------

--
-- Table structure for table `tbl_status`
--

CREATE TABLE `tbl_status` (
  `status_id` int(11) NOT NULL,
  `status_name` varchar(50) NOT NULL
) ENGINE=InnoDB DEFAULT CHARSET=utf8mb4 COLLATE=utf8mb4_general_ci;

--
-- Dumping data for table `tbl_status`
--

INSERT INTO `tbl_status` (`status_id`, `status_name`) VALUES
(1, 'PENDING'),
(2, 'DELIVERED'),
(3, 'PROCESS'),
(4, 'OUT FOR DELIVERY'),
(5, 'CANCELED'),
(6, 'RESERVE');

-- --------------------------------------------------------

--
-- Table structure for table `tbl_transactions`
--

CREATE TABLE `tbl_transactions` (
  `user_id` int(11) NOT NULL,
  `user_name` varchar(50) NOT NULL,
  `user_type` varchar(50) NOT NULL,
  `user_activity` varchar(100) NOT NULL,
  `activity_date` date NOT NULL,
  `item_id` int(11) NOT NULL
) ENGINE=InnoDB DEFAULT CHARSET=utf8mb4 COLLATE=utf8mb4_general_ci;

--
-- Dumping data for table `tbl_transactions`
--

INSERT INTO `tbl_transactions` (`user_id`, `user_name`, `user_type`, `user_activity`, `activity_date`, `item_id`) VALUES
(8, 'jcdavid123', '2', 'Set item for delivery', '2025-10-21', 18),
(8, 'jcdavid123', '2', 'Claimed item Acne Refining Foaming Cleanser', '2025-10-21', 18),
(8, 'jcdavid123', '2', 'Claimed item Acne Refining Foaming Cleanser', '2025-10-21', 18),
(8, 'jcdavid123', '2', 'Claimed item Acne Refining Foaming Cleanser', '2025-10-21', 18),
(8, 'jcdavid123', '2', 'Claimed item Acne Refining Foaming Cleanser', '2025-10-21', 18),
(8, 'jcdavid123', '2', 'Claimed item Acne Refining Foaming Cleanser', '2025-10-21', 18),
(8, 'jcdavid123', '2', 'Set item for delivery', '2025-11-05', 17),
(8, 'jcdavid123', '2', 'Claimed item Acne Refining Toner', '2025-11-05', 17),
(8, 'jcdavid123', '2', 'Set item for delivery', '2025-11-05', 18),
(8, 'jcdavid123', '2', 'Claimed item Acne Refining Foaming Cleanser', '2025-11-05', 18);

-- --------------------------------------------------------

--
-- Table structure for table `tbl_vouchers`
--

CREATE TABLE `tbl_vouchers` (
  `voucher_id` int(11) NOT NULL,
  `voucher_code` varchar(50) NOT NULL,
  `voucher_name` varchar(255) NOT NULL,
  `voucher_type` enum('product','service','both') NOT NULL DEFAULT 'both',
  `discount_type` enum('percentage','fixed') NOT NULL DEFAULT 'percentage',
  `discount_value` decimal(10,2) NOT NULL,
  `min_purchase` decimal(10,2) DEFAULT 0.00,
  `max_discount` decimal(10,2) DEFAULT NULL,
  `start_date` date NOT NULL,
  `end_date` date NOT NULL,
  `usage_limit` int(11) DEFAULT NULL,
  `used_count` int(11) DEFAULT 0,
  `total_revenue_generated` decimal(15,2) DEFAULT 0.00,
  `total_discount_given` decimal(15,2) DEFAULT 0.00,
  `target_items` text DEFAULT NULL COMMENT 'JSON array of product/service IDs',
  `promo_category` varchar(100) DEFAULT NULL COMMENT 'e.g., Anniversary, Holiday, Flash Sale',
  `is_active` tinyint(1) DEFAULT 1,
  `auto_apply` tinyint(1) DEFAULT 0 COMMENT 'Auto-apply on homepage/booking',
  `created_by` int(11) DEFAULT NULL,
  `created_at` timestamp NOT NULL DEFAULT current_timestamp()
) ENGINE=InnoDB DEFAULT CHARSET=utf8mb4 COLLATE=utf8mb4_general_ci;

--
-- Dumping data for table `tbl_vouchers`
--

INSERT INTO `tbl_vouchers` (`voucher_id`, `voucher_code`, `voucher_name`, `voucher_type`, `discount_type`, `discount_value`, `min_purchase`, `max_discount`, `start_date`, `end_date`, `usage_limit`, `used_count`, `total_revenue_generated`, `total_discount_given`, `target_items`, `promo_category`, `is_active`, `auto_apply`, `created_by`, `created_at`) VALUES
(2, 'BOOSTEABE08', 'Boost Low Performers - Oct 2025', 'both', 'percentage', 25.00, 0.00, 0.00, '2025-10-15', '2025-11-20', 0, 1, 336.00, 120.00, '[{\"type\":\"product\",\"id\":\"1\",\"name\":\"Acne Refining Foaming Cleanser\"},{\"type\":\"product\",\"id\":\"2\",\"name\":\"Acne Refining Gel\"},{\"type\":\"product\",\"id\":\"3\",\"name\":\"Acne Refining Spot Corrector\"},{\"type\":\"product\",\"id\":\"4\",\"name\":\"Acne Refining Toner\"},{\"type\":\"product\",\"id\":\"5\",\"name\":\"Skin Renewal Foaming Cleanser\"}]', 'Special', 0, 1, 8, '2025-10-20 10:39:49'),
(4, 'BOOST5340A1', 'Boost Low Performers - Dec 2025', 'both', 'percentage', 25.00, 0.00, NULL, '2025-12-06', '2025-12-13', NULL, 2, 1800.60, 240.00, '[{\"type\":\"product\",\"id\":\"1\",\"name\":\"Acne Refining Foaming Cleanser\"},{\"type\":\"product\",\"id\":\"2\",\"name\":\"Acne Refining Gel\"},{\"type\":\"product\",\"id\":\"3\",\"name\":\"Acne Refining Spot Corrector\"},{\"type\":\"product\",\"id\":\"4\",\"name\":\"Acne Refining Toner\"},{\"type\":\"product\",\"id\":\"5\",\"name\":\"Skin Renewal Foaming Cleanser\"}]', 'Special', 1, 1, 8, '2025-12-06 13:43:31'),
(5, 'DECEMBER2025', 'Voucher-1', 'product', 'percentage', 5.00, 500.00, 500.00, '2025-12-11', '2025-12-24', 10, 0, 0.00, 0.00, '', 'Flash Sale', 1, 1, 8, '2025-12-11 12:25:26');

-- --------------------------------------------------------

--
-- Table structure for table `tbl_voucher_usage`
--

CREATE TABLE `tbl_voucher_usage` (
  `usage_id` int(11) NOT NULL,
  `voucher_id` int(11) NOT NULL,
  `account_id` int(11) NOT NULL,
  `order_type` enum('product','service') NOT NULL,
  `order_id` int(11) NOT NULL COMMENT 'receipt_id or appointment_id',
  `discount_amount` decimal(10,2) NOT NULL,
  `original_amount` decimal(10,2) NOT NULL,
  `final_amount` decimal(10,2) NOT NULL,
  `used_date` timestamp NOT NULL DEFAULT current_timestamp()
) ENGINE=InnoDB DEFAULT CHARSET=utf8mb4 COLLATE=utf8mb4_general_ci;

--
-- Dumping data for table `tbl_voucher_usage`
--

INSERT INTO `tbl_voucher_usage` (`usage_id`, `voucher_id`, `account_id`, `order_type`, `order_id`, `discount_amount`, `original_amount`, `final_amount`, `used_date`) VALUES
(1, 2, 12, 'product', 17, 120.00, 480.00, 336.00, '2025-10-21 06:23:31'),
(2, 4, 12, 'product', 18, 120.00, 1272.00, 1088.40, '2025-12-06 15:24:50'),
(3, 4, 12, 'product', 19, 120.00, 876.00, 712.20, '2025-12-06 16:12:42');

--
-- Indexes for dumped tables
--

--
-- Indexes for table `tbl_account`
--
ALTER TABLE `tbl_account`
  ADD PRIMARY KEY (`ac_id`);

--
-- Indexes for table `tbl_account_details`
--
ALTER TABLE `tbl_account_details`
  ADD PRIMARY KEY (`ac_id`);

--
-- Indexes for table `tbl_ac_status`
--
ALTER TABLE `tbl_ac_status`
  ADD PRIMARY KEY (`ac_status_id`);

--
-- Indexes for table `tbl_appointments`
--
ALTER TABLE `tbl_appointments`
  ADD PRIMARY KEY (`appointment_id`),
  ADD KEY `ac_id` (`ac_id`),
  ADD KEY `service_id` (`service_id`),
  ADD KEY `derm_id` (`derm_id`);

--
-- Indexes for table `tbl_best_seller`
--
ALTER TABLE `tbl_best_seller`
  ADD PRIMARY KEY (`prod_id`);

--
-- Indexes for table `tbl_billing_details`
--
ALTER TABLE `tbl_billing_details`
  ADD PRIMARY KEY (`ac_details_id`);

--
-- Indexes for table `tbl_cart`
--
ALTER TABLE `tbl_cart`
  ADD PRIMARY KEY (`item_id`);

--
-- Indexes for table `tbl_cart_vouchers`
--
ALTER TABLE `tbl_cart_vouchers`
  ADD PRIMARY KEY (`cart_voucher_id`),
  ADD KEY `voucher_id` (`voucher_id`),
  ADD KEY `account_id` (`account_id`),
  ADD KEY `idx_order_date` (`order_date`);

--
-- Indexes for table `tbl_concern`
--
ALTER TABLE `tbl_concern`
  ADD PRIMARY KEY (`concern_id`);

--
-- Indexes for table `tbl_contact_us`
--
ALTER TABLE `tbl_contact_us`
  ADD PRIMARY KEY (`comment_id`);

--
-- Indexes for table `tbl_delivery_type`
--
ALTER TABLE `tbl_delivery_type`
  ADD PRIMARY KEY (`delivery_type_id`);

--
-- Indexes for table `tbl_dermatologists`
--
ALTER TABLE `tbl_dermatologists`
  ADD PRIMARY KEY (`derm_id`);

--
-- Indexes for table `tbl_derm_schedule`
--
ALTER TABLE `tbl_derm_schedule`
  ADD PRIMARY KEY (`schedule_id`),
  ADD KEY `derm_id` (`derm_id`);

--
-- Indexes for table `tbl_ingredients`
--
ALTER TABLE `tbl_ingredients`
  ADD PRIMARY KEY (`ingredients_id`);

--
-- Indexes for table `tbl_item_reviews`
--
ALTER TABLE `tbl_item_reviews`
  ADD PRIMARY KEY (`rv_id`);

--
-- Indexes for table `tbl_order_vouchers`
--
ALTER TABLE `tbl_order_vouchers`
  ADD PRIMARY KEY (`order_voucher_id`),
  ADD KEY `receipt_id` (`receipt_id`),
  ADD KEY `voucher_id` (`voucher_id`);

--
-- Indexes for table `tbl_page_reviews`
--
ALTER TABLE `tbl_page_reviews`
  ADD PRIMARY KEY (`review_id`),
  ADD KEY `account_id` (`account_id`);

--
-- Indexes for table `tbl_products`
--
ALTER TABLE `tbl_products`
  ADD PRIMARY KEY (`prod_id`);

--
-- Indexes for table `tbl_prod_bestseller`
--
ALTER TABLE `tbl_prod_bestseller`
  ADD PRIMARY KEY (`prod_id`);

--
-- Indexes for table `tbl_prod_newarrivals`
--
ALTER TABLE `tbl_prod_newarrivals`
  ADD PRIMARY KEY (`prod_id`);

--
-- Indexes for table `tbl_ratings`
--
ALTER TABLE `tbl_ratings`
  ADD PRIMARY KEY (`id`),
  ADD KEY `account_id` (`account_id`),
  ADD KEY `product_id` (`product_id`);

--
-- Indexes for table `tbl_receipt`
--
ALTER TABLE `tbl_receipt`
  ADD PRIMARY KEY (`receipt_id`);

--
-- Indexes for table `tbl_role`
--
ALTER TABLE `tbl_role`
  ADD PRIMARY KEY (`role_Id`);

--
-- Indexes for table `tbl_services`
--
ALTER TABLE `tbl_services`
  ADD PRIMARY KEY (`service_id`);

--
-- Indexes for table `tbl_vouchers`
--
ALTER TABLE `tbl_vouchers`
  ADD PRIMARY KEY (`voucher_id`),
  ADD UNIQUE KEY `voucher_code` (`voucher_code`);

--
-- Indexes for table `tbl_voucher_usage`
--
ALTER TABLE `tbl_voucher_usage`
  ADD PRIMARY KEY (`usage_id`),
  ADD KEY `voucher_id` (`voucher_id`),
  ADD KEY `account_id` (`account_id`);

--
-- AUTO_INCREMENT for dumped tables
--

--
-- AUTO_INCREMENT for table `tbl_account`
--
ALTER TABLE `tbl_account`
  MODIFY `ac_id` int(11) NOT NULL AUTO_INCREMENT, AUTO_INCREMENT=25;

--
-- AUTO_INCREMENT for table `tbl_account_details`
--
ALTER TABLE `tbl_account_details`
  MODIFY `ac_id` int(11) NOT NULL AUTO_INCREMENT, AUTO_INCREMENT=25;

--
-- AUTO_INCREMENT for table `tbl_ac_status`
--
ALTER TABLE `tbl_ac_status`
  MODIFY `ac_status_id` int(11) NOT NULL AUTO_INCREMENT, AUTO_INCREMENT=3;

--
-- AUTO_INCREMENT for table `tbl_appointments`
--
ALTER TABLE `tbl_appointments`
  MODIFY `appointment_id` int(11) NOT NULL AUTO_INCREMENT, AUTO_INCREMENT=4;

--
-- AUTO_INCREMENT for table `tbl_best_seller`
--
ALTER TABLE `tbl_best_seller`
  MODIFY `prod_id` int(11) NOT NULL AUTO_INCREMENT;

--
-- AUTO_INCREMENT for table `tbl_billing_details`
--
ALTER TABLE `tbl_billing_details`
  MODIFY `ac_details_id` int(11) NOT NULL AUTO_INCREMENT, AUTO_INCREMENT=2;

--
-- AUTO_INCREMENT for table `tbl_cart`
--
ALTER TABLE `tbl_cart`
  MODIFY `item_id` int(11) NOT NULL AUTO_INCREMENT, AUTO_INCREMENT=50;

--
-- AUTO_INCREMENT for table `tbl_cart_vouchers`
--
ALTER TABLE `tbl_cart_vouchers`
  MODIFY `cart_voucher_id` int(11) NOT NULL AUTO_INCREMENT, AUTO_INCREMENT=16;

--
-- AUTO_INCREMENT for table `tbl_concern`
--
ALTER TABLE `tbl_concern`
  MODIFY `concern_id` int(11) NOT NULL AUTO_INCREMENT, AUTO_INCREMENT=5;

--
-- AUTO_INCREMENT for table `tbl_contact_us`
--
ALTER TABLE `tbl_contact_us`
  MODIFY `comment_id` int(11) NOT NULL AUTO_INCREMENT;

--
-- AUTO_INCREMENT for table `tbl_delivery_type`
--
ALTER TABLE `tbl_delivery_type`
  MODIFY `delivery_type_id` int(11) NOT NULL AUTO_INCREMENT, AUTO_INCREMENT=3;

--
-- AUTO_INCREMENT for table `tbl_dermatologists`
--
ALTER TABLE `tbl_dermatologists`
  MODIFY `derm_id` int(11) NOT NULL AUTO_INCREMENT, AUTO_INCREMENT=5;

--
-- AUTO_INCREMENT for table `tbl_derm_schedule`
--
ALTER TABLE `tbl_derm_schedule`
  MODIFY `schedule_id` int(11) NOT NULL AUTO_INCREMENT, AUTO_INCREMENT=703;

--
-- AUTO_INCREMENT for table `tbl_ingredients`
--
ALTER TABLE `tbl_ingredients`
  MODIFY `ingredients_id` int(11) NOT NULL AUTO_INCREMENT, AUTO_INCREMENT=10;

--
-- AUTO_INCREMENT for table `tbl_item_reviews`
--
ALTER TABLE `tbl_item_reviews`
  MODIFY `rv_id` int(11) NOT NULL AUTO_INCREMENT, AUTO_INCREMENT=16;

--
-- AUTO_INCREMENT for table `tbl_order_vouchers`
--
ALTER TABLE `tbl_order_vouchers`
  MODIFY `order_voucher_id` int(11) NOT NULL AUTO_INCREMENT;

--
-- AUTO_INCREMENT for table `tbl_page_reviews`
--
ALTER TABLE `tbl_page_reviews`
  MODIFY `review_id` int(11) NOT NULL AUTO_INCREMENT, AUTO_INCREMENT=8;

--
-- AUTO_INCREMENT for table `tbl_products`
--
ALTER TABLE `tbl_products`
  MODIFY `prod_id` int(11) NOT NULL AUTO_INCREMENT, AUTO_INCREMENT=21;

--
-- AUTO_INCREMENT for table `tbl_prod_bestseller`
--
ALTER TABLE `tbl_prod_bestseller`
  MODIFY `prod_id` int(11) NOT NULL AUTO_INCREMENT, AUTO_INCREMENT=16;

--
-- AUTO_INCREMENT for table `tbl_prod_newarrivals`
--
ALTER TABLE `tbl_prod_newarrivals`
  MODIFY `prod_id` int(11) NOT NULL AUTO_INCREMENT, AUTO_INCREMENT=16;

--
-- AUTO_INCREMENT for table `tbl_ratings`
--
ALTER TABLE `tbl_ratings`
  MODIFY `id` int(11) NOT NULL AUTO_INCREMENT;

--
-- AUTO_INCREMENT for table `tbl_receipt`
--
ALTER TABLE `tbl_receipt`
  MODIFY `receipt_id` int(11) NOT NULL AUTO_INCREMENT, AUTO_INCREMENT=21;

--
-- AUTO_INCREMENT for table `tbl_role`
--
ALTER TABLE `tbl_role`
  MODIFY `role_Id` int(11) NOT NULL AUTO_INCREMENT, AUTO_INCREMENT=4;

--
-- AUTO_INCREMENT for table `tbl_services`
--
ALTER TABLE `tbl_services`
  MODIFY `service_id` int(11) NOT NULL AUTO_INCREMENT, AUTO_INCREMENT=38;

--
-- AUTO_INCREMENT for table `tbl_vouchers`
--
ALTER TABLE `tbl_vouchers`
  MODIFY `voucher_id` int(11) NOT NULL AUTO_INCREMENT, AUTO_INCREMENT=6;

--
-- AUTO_INCREMENT for table `tbl_voucher_usage`
--
ALTER TABLE `tbl_voucher_usage`
  MODIFY `usage_id` int(11) NOT NULL AUTO_INCREMENT, AUTO_INCREMENT=4;

--
-- Constraints for dumped tables
--

--
-- Constraints for table `tbl_appointments`
--
ALTER TABLE `tbl_appointments`
  ADD CONSTRAINT `tbl_appointments_ibfk_1` FOREIGN KEY (`ac_id`) REFERENCES `tbl_account` (`ac_id`) ON DELETE CASCADE,
  ADD CONSTRAINT `tbl_appointments_ibfk_2` FOREIGN KEY (`service_id`) REFERENCES `tbl_services` (`service_id`) ON DELETE CASCADE,
  ADD CONSTRAINT `tbl_appointments_ibfk_3` FOREIGN KEY (`derm_id`) REFERENCES `tbl_dermatologists` (`derm_id`) ON DELETE CASCADE;

--
-- Constraints for table `tbl_cart_vouchers`
--
ALTER TABLE `tbl_cart_vouchers`
  ADD CONSTRAINT `tbl_cart_vouchers_ibfk_1` FOREIGN KEY (`voucher_id`) REFERENCES `tbl_vouchers` (`voucher_id`) ON DELETE CASCADE,
  ADD CONSTRAINT `tbl_cart_vouchers_ibfk_2` FOREIGN KEY (`account_id`) REFERENCES `tbl_account` (`ac_id`) ON DELETE CASCADE;

--
-- Constraints for table `tbl_derm_schedule`
--
ALTER TABLE `tbl_derm_schedule`
  ADD CONSTRAINT `tbl_derm_schedule_ibfk_1` FOREIGN KEY (`derm_id`) REFERENCES `tbl_dermatologists` (`derm_id`) ON DELETE CASCADE;

--
-- Constraints for table `tbl_order_vouchers`
--
ALTER TABLE `tbl_order_vouchers`
  ADD CONSTRAINT `fk_order_voucher_receipt` FOREIGN KEY (`receipt_id`) REFERENCES `tbl_receipt` (`receipt_id`) ON DELETE CASCADE,
  ADD CONSTRAINT `fk_order_voucher_voucher` FOREIGN KEY (`voucher_id`) REFERENCES `tbl_vouchers` (`voucher_id`) ON DELETE CASCADE;

--
-- Constraints for table `tbl_page_reviews`
--
ALTER TABLE `tbl_page_reviews`
  ADD CONSTRAINT `tbl_page_reviews_ibfk_1` FOREIGN KEY (`account_id`) REFERENCES `tbl_account` (`ac_id`) ON DELETE CASCADE;

--
-- Constraints for table `tbl_ratings`
--
ALTER TABLE `tbl_ratings`
  ADD CONSTRAINT `tbl_ratings_ibfk_1` FOREIGN KEY (`account_id`) REFERENCES `tbl_account` (`ac_id`) ON DELETE CASCADE,
  ADD CONSTRAINT `tbl_ratings_ibfk_2` FOREIGN KEY (`product_id`) REFERENCES `tbl_products` (`prod_id`) ON DELETE CASCADE;

--
-- Constraints for table `tbl_voucher_usage`
--
ALTER TABLE `tbl_voucher_usage`
  ADD CONSTRAINT `fk_voucher_usage_account` FOREIGN KEY (`account_id`) REFERENCES `tbl_account` (`ac_id`) ON DELETE CASCADE,
  ADD CONSTRAINT `fk_voucher_usage_voucher` FOREIGN KEY (`voucher_id`) REFERENCES `tbl_vouchers` (`voucher_id`) ON DELETE CASCADE;
COMMIT;

/*!40101 SET CHARACTER_SET_CLIENT=@OLD_CHARACTER_SET_CLIENT */;
/*!40101 SET CHARACTER_SET_RESULTS=@OLD_CHARACTER_SET_RESULTS */;
/*!40101 SET COLLATION_CONNECTION=@OLD_COLLATION_CONNECTION */;
